Semaine;Val de Loire (FR);Chateaux Loire (US);Bourgogne (FR);Drome (FR);Vaucluse (FR);Ardeche (FR);Baie de Somme (FR);Montagne du Luberon (FR);Auvergne (FR);Perigord (FR);Alsace (FR);Provence (FR);Morbihan (US);Gers (FR);Massif Central (FR);Normandie (FR);Cévennes (FR);Morvan (FR);Vosges (FR);Chantilly (FR);Languedoc Roussillon (FR)
2019-01-06;38,00;5,00;5,00;2,00;0,00;4,00;0,00;2,00;0,00;0,00;9,00;45,00;2,00;0,00;0,00;59,38;0,00;0,00;13,00;5,00;5,00
2019-01-13;34,00;5,00;5,00;2,00;2,00;4,00;0,00;0,00;7,00;0,00;5,00;31,00;2,00;0,00;0,00;74,80;0,00;2,00;2,00;5,00;5,00
2019-01-20;30,00;3,00;3,00;3,00;2,00;3,00;0,00;0,00;0,00;0,00;5,00;19,00;0,00;0,00;0,00;50,77;0,00;0,00;2,00;0,00;5,00
2019-01-27;42,00;2,00;5,00;0,00;0,00;2,00;0,00;0,00;0,00;3,00;5,00;21,00;0,00;2,33;4,67;51,33;4,67;0,00;10,00;5,00;5,00
2019-02-03;47,00;3,00;10,00;0,00;0,00;5,00;0,00;0,00;2,00;0,00;10,00;43,00;2,00;0,00;0,00;51,70;0,00;0,00;0,00;10,00;9,00
2019-02-10;55,00;5,00;5,00;4,00;4,00;4,00;0,00;0,00;2,00;4,00;4,00;25,00;0,00;0,00;0,00;59,78;2,39;0,00;0,00;7,00;7,00
2019-02-17;54,00;2,00;2,00;0,00;0,00;4,00;0,00;0,00;0,00;0,00;9,00;38,00;0,00;0,00;0,00;63,39;0,00;0,00;5,00;2,00;0,00
2019-02-24;52,00;9,00;9,00;0,00;2,00;7,00;0,00;2,00;2,00;2,00;14,00;30,00;5,00;0,00;2,36;56,73;2,36;0,00;7,00;4,00;2,00
2019-03-03;39,00;3,00;5,00;2,00;0,00;2,00;0,00;0,00;7,00;2,00;10,00;30,00;0,00;0,00;0,00;64,24;2,29;0,00;5,00;7,00;11,00
2019-03-10;47,00;4,00;4,00;0,00;0,00;4,00;0,00;2,00;2,00;7,00;9,00;30,00;0,00;0,00;0,00;79,90;0,00;0,00;0,00;4,00;2,00
2019-03-17;32,00;2,00;4,00;0,00;0,00;2,00;0,00;0,00;2,00;0,00;9,00;40,00;0,00;0,00;0,00;61,71;0,00;0,00;0,00;0,00;9,00
2019-03-24;37,00;7,00;15,00;0,00;2,00;0,00;0,00;0,00;2,00;5,00;5,00;45,00;0,00;2,31;2,31;69,38;0,00;0,00;0,00;2,00;4,00
2019-03-31;46,00;2,00;5,00;4,00;2,00;9,00;0,00;0,00;2,00;0,00;5,00;39,00;0,00;0,00;0,00;71,30;2,30;0,00;2,00;7,00;5,00
2019-04-07;55,00;4,00;9,00;4,00;0,00;5,00;0,00;0,00;2,00;2,00;5,00;21,00;0,00;0,00;0,00;64,57;0,00;0,00;0,00;9,00;14,00
2019-04-14;37,00;10,00;8,00;2,00;0,00;6,00;2,00;2,00;0,00;0,00;8,00;55,00;6,00;0,00;2,31;64,75;0,00;0,00;4,00;4,00;6,00
2019-04-21;76,00;4,00;7,00;0,00;0,00;4,00;0,00;2,00;2,00;4,00;7,00;25,00;0,00;0,00;0,00;76,00;0,00;0,00;4,00;9,00;5,00
2019-04-28;45,00;5,00;9,00;0,00;0,00;5,00;2,00;2,00;4,00;0,00;11,00;40,00;0,00;2,37;0,00;73,42;0,00;2,00;2,00;4,00;9,00
2019-05-05;67,00;9,00;7,00;0,00;2,00;5,00;0,00;0,00;2,00;2,00;9,00;62,00;2,00;0,00;2,31;78,55;0,00;2,00;0,00;5,00;7,00
2019-05-12;53,00;0,00;9,00;4,00;0,00;4,00;0,00;0,00;2,00;2,00;4,00;41,00;0,00;0,00;0,00;50,70;4,61;0,00;0,00;4,00;13,00
2019-05-19;52,00;4,00;5,00;0,00;0,00;9,00;0,00;2,00;4,00;2,00;5,00;38,00;0,00;0,00;0,00;89,82;0,00;0,00;4,00;4,00;4,00
2019-05-26;72,00;0,00;9,00;2,00;2,00;9,00;0,00;0,00;2,00;0,00;9,00;56,00;0,00;0,00;2,32;111,48;0,00;0,00;3,00;5,00;4,00
2019-06-02;67,00;7,00;7,00;0,00;0,00;3,00;2,00;0,00;0,00;7,00;8,00;57,00;3,00;0,00;0,00;231,03;2,31;2,00;7,00;14,00;14,00
2019-06-09;65,00;16,00;7,00;2,00;0,00;7,00;2,00;0,00;4,00;4,00;5,00;74,00;4,00;4,64;2,32;134,64;2,32;0,00;7,00;2,00;4,00
2019-06-16;68,00;5,00;5,00;5,00;2,00;16,00;0,00;2,00;4,00;2,00;7,00;59,00;2,00;2,34;0,00;119,59;2,34;0,00;4,00;5,00;18,00
2019-06-23;64,00;14,00;2,00;0,00;2,00;11,00;2,00;5,00;5,00;7,00;14,00;59,00;0,00;0,00;0,00;104,30;7,11;2,00;13,00;5,00;18,00
2019-06-30;55,00;4,00;5,00;0,00;0,00;12,00;0,00;4,00;4,00;4,00;7,00;52,00;0,00;2,39;0,00;112,39;0,00;0,00;5,00;4,00;13,00
2019-07-07;70,00;7,00;2,00;0,00;2,00;11,00;0,00;0,00;2,00;2,00;21,00;54,00;0,00;0,00;4,67;98,00;2,33;0,00;17,00;3,00;4,00
2019-07-14;75,00;14,00;9,00;5,00;0,00;5,00;0,00;0,00;5,00;2,00;9,00;66,00;4,00;0,00;0,00;93,75;0,00;0,00;5,00;5,00;9,00
2019-07-21;82,00;9,00;7,00;2,00;0,00;5,00;0,00;2,00;2,00;5,00;15,00;58,00;2,00;2,34;2,34;91,37;4,69;2,00;4,00;4,00;5,00
2019-07-28;91,00;5,00;7,00;0,00;0,00;5,00;0,00;0,00;4,00;5,00;11,00;47,00;0,00;2,33;0,00;81,67;0,00;0,00;7,00;7,00;4,00
2019-08-04;76,00;2,00;4,00;0,00;0,00;2,00;2,00;4,00;2,00;4,00;7,00;39,00;4,00;2,38;0,00;90,25;2,38;0,00;11,00;2,00;5,00
2019-08-11;67,00;5,00;9,00;0,00;0,00;7,00;0,00;0,00;2,00;5,00;7,00;48,00;0,00;0,00;0,00;103,97;0,00;0,00;2,00;0,00;12,00
2019-08-18;53,00;7,00;13,00;4,00;2,00;5,00;0,00;0,00;4,00;0,00;11,00;45,00;0,00;2,30;0,00;64,52;0,00;0,00;2,00;7,00;7,00
2019-08-25;58,00;5,00;11,00;4,00;4,00;7,00;0,00;0,00;4,00;2,00;5,00;42,00;4,00;2,32;0,00;92,80;0,00;2,00;5,00;4,00;12,00
2019-09-01;49,00;7,00;7,00;2,00;2,00;7,00;2,00;0,00;0,00;0,00;9,00;51,00;0,00;0,00;0,00;58,33;0,00;0,00;5,00;3,00;16,00
2019-09-08;44,00;5,00;9,00;2,00;0,00;3,00;5,00;0,00;3,00;0,00;10,00;38,00;3,00;0,00;0,00;67,16;2,32;0,00;2,00;0,00;5,00
2019-09-15;39,00;3,00;9,00;4,00;3,00;9,00;0,00;2,00;2,00;2,00;5,00;43,00;2,00;2,29;2,29;59,65;0,00;0,00;5,00;5,00;7,00
2019-09-22;32,00;8,00;7,00;2,00;0,00;2,00;0,00;0,00;2,00;2,00;5,00;35,00;2,00;4,57;0,00;52,57;2,29;0,00;2,00;3,00;7,00
2019-09-29;30,00;5,00;13,00;2,00;3,00;0,00;2,00;0,00;2,00;2,00;8,00;48,00;0,00;2,31;0,00;43,85;2,31;0,00;3,00;0,00;5,00
2019-10-06;30,00;7,00;10,00;2,00;0,00;5,00;0,00;0,00;0,00;2,00;15,00;21,00;2,00;2,31;0,00;60,00;2,31;0,00;0,00;2,00;2,00
2019-10-13;42,00;2,00;7,00;0,00;0,00;0,00;0,00;2,00;5,00;0,00;3,00;39,00;2,00;0,00;2,33;39,67;2,33;2,00;2,00;2,00;5,00
2019-10-20;29,00;2,00;3,00;2,00;0,00;5,00;0,00;0,00;5,00;0,00;6,00;27,00;2,00;2,23;4,46;46,85;2,23;0,00;2,00;0,00;3,00
2019-10-27;25,00;3,00;3,00;0,00;2,00;5,00;0,00;2,00;2,00;3,00;6,00;24,00;2,00;0,00;0,00;38,64;2,27;2,00;0,00;0,00;5,00
2019-11-03;31,00;6,00;2,00;3,00;0,00;3,00;0,00;0,00;2,00;0,00;6,00;41,00;0,00;0,00;0,00;45,31;2,38;0,00;0,00;2,00;2,00
2019-11-10;28,00;5,00;10,00;2,00;0,00;2,00;2,00;0,00;2,00;3,00;24,00;32,00;3,00;2,33;2,33;49,00;0,00;0,00;2,00;3,00;5,00
2019-11-17;31,00;6,00;19,00;3,00;0,00;3,00;0,00;2,00;8,00;0,00;14,00;24,00;0,00;0,00;0,00;45,31;2,38;0,00;6,00;3,00;3,00
2019-11-24;33,00;3,00;12,00;2,00;0,00;2,00;0,00;2,00;0,00;11,00;5,00;32,00;0,00;2,36;0,00;51,86;0,00;2,00;2,00;6,00;11,00
2019-12-01;32,00;6,00;6,00;2,00;0,00;3,00;2,00;2,00;2,00;8,00;5,00;33,00;0,00;0,00;0,00;29,71;2,29;0,00;0,00;8,00;14,00
2019-12-08;15,00;0,00;5,00;2,00;0,00;2,00;0,00;0,00;3,00;3,00;5,00;34,00;2,00;0,00;0,00;37,50;0,00;0,00;5,00;0,00;10,00
2019-12-15;22,00;12,00;7,00;0,00;0,00;0,00;0,00;2,00;3,00;3,00;5,00;32,00;0,00;2,44;0,00;31,78;0,00;0,00;5,00;2,00;10,00
2019-12-22;28,00;4,00;7,00;4,00;0,00;6,00;0,00;0,00;6,00;4,00;15,00;61,00;6,00;0,00;0,00;37,33;0,00;0,00;2,00;7,00;13,00
2019-12-29;56,00;3,00;7,00;0,00;2,00;10,00;0,00;2,00;5,00;0,00;7,00;59,00;0,00;0,00;2,33;70,00;0,00;0,00;3,00;5,00;10,00
2020-01-05;35,00;3,00;9,00;0,00;0,00;8,00;0,00;2,00;3,00;2,00;11,00;55,00;2,00;0,00;0,00;49,00;2,33;0,00;6,00;9,00;11,00
2020-01-12;46,00;5,00;8,00;6,00;0,00;8,00;2,00;2,00;2,00;3,00;6,00;57,00;2,00;0,00;2,30;71,30;2,30;0,00;2,00;2,00;9,00
2020-01-19;58,00;8,00;8,00;2,00;0,00;6,00;0,00;2,00;3,00;3,00;9,00;63,00;2,00;0,00;2,32;67,28;0,00;0,00;2,00;3,00;13,00
2020-01-26;39,00;5,00;9,00;6,00;0,00;6,00;0,00;3,00;2,00;8,00;6,00;55,00;5,00;4,59;0,00;68,82;0,00;2,00;3,00;8,00;14,00
2020-02-02;50,00;6,00;8,00;0,00;2,00;5,00;0,00;0,00;2,00;0,00;9,00;36,00;0,00;0,00;2,38;78,57;0,00;0,00;2,00;3,00;8,00
2020-02-09;47,00;9,00;6,00;2,00;0,00;0,00;2,00;0,00;3,00;5,00;14,00;46,00;2,00;2,35;0,00;75,20;0,00;2,00;6,00;3,00;9,00
2020-02-16;71,00;2,00;11,00;2,00;2,00;3,00;0,00;2,00;2,00;3,00;8,00;44,00;0,00;0,00;0,00;68,63;0,00;0,00;6,00;2,00;8,00
2020-02-23;49,00;9,00;4,00;0,00;0,00;3,00;1,00;0,00;3,00;1,00;12,00;46,00;0,00;2,33;0,00;46,67;0,00;1,00;3,00;1,00;1,00
2020-03-01;33,00;1,00;1,00;2,00;0,00;0,00;1,00;0,00;1,00;0,00;9,00;27,00;3,00;0,00;2,36;61,29;2,36;1,00;4,00;3,00;3,00
2020-03-08;22,00;4,00;1,00;1,00;3,00;3,00;1,00;3,00;1,00;0,00;0,00;32,00;0,00;0,00;2,20;46,20;2,20;0,00;3,00;9,00;7,00
2020-03-15;13,00;4,00;3,00;1,00;0,00;4,00;0,00;1,00;1,00;3,00;4,00;24,00;1,00;0,00;0,00;23,83;2,17;0,00;1,00;6,00;4,00
2020-03-22;22,00;1,00;8,00;6,00;0,00;5,00;0,00;1,00;5,00;1,00;5,00;21,00;1,00;2,20;2,20;17,60;0,00;0,00;0,00;1,00;1,00
2020-03-29;24,00;3,00;1,00;1,00;1,00;4,00;0,00;1,00;1,00;3,00;3,00;12,00;1,00;0,00;0,00;36,00;2,40;1,00;3,00;1,00;4,00
2020-04-05;16,00;3,00;4,00;1,00;0,00;4,00;0,00;0,00;0,00;0,00;3,00;24,00;0,00;0,00;2,29;32,00;0,00;0,00;3,00;4,00;3,00
2020-04-12;27,00;6,00;0,00;0,00;0,00;0,00;1,00;0,00;0,00;0,00;3,00;32,00;1,00;0,00;0,00;38,25;0,00;1,00;3,00;3,00;14,00
2020-04-19;16,00;4,00;4,00;0,00;1,00;1,00;0,00;0,00;3,00;0,00;3,00;22,00;0,00;2,29;0,00;20,57;0,00;0,00;1,00;1,00;3,00
2020-04-26;31,00;4,00;4,00;0,00;0,00;4,00;0,00;0,00;0,00;5,00;11,00;20,00;0,00;0,00;0,00;40,54;2,38;0,00;1,00;4,00;7,00
2020-05-03;35,00;6,00;4,00;1,00;1,00;6,00;0,00;0,00;0,00;3,00;1,00;18,00;0,00;0,00;0,00;32,67;0,00;0,00;1,00;0,00;6,00
2020-05-10;24,00;4,00;3,00;0,00;0,00;1,00;0,00;0,00;1,00;1,00;11,00;39,00;1,00;2,40;0,00;52,80;2,40;0,00;4,00;4,00;5,00
2020-05-17;28,00;3,00;5,00;1,00;1,00;1,00;0,00;1,00;1,00;0,00;8,00;28,00;1,00;4,67;0,00;39,67;0,00;1,00;5,00;0,00;3,00
2020-05-24;28,00;1,00;3,00;1,00;1,00;0,00;0,00;0,00;3,00;7,00;10,00;24,00;0,00;0,00;0,00;44,33;2,33;0,00;4,00;3,00;1,00
2020-05-31;27,00;4,00;7,00;0,00;1,00;3,00;0,00;0,00;4,00;1,00;7,00;26,00;0,00;2,25;2,25;42,75;2,25;1,00;3,00;4,00;9,00
2020-06-07;30,00;3,00;1,00;1,00;0,00;4,00;0,00;1,00;0,00;0,00;8,00;32,00;0,00;2,31;2,31;36,92;0,00;0,00;4,00;1,00;3,00
2020-06-14;33,00;4,00;3,00;1,00;0,00;4,00;1,00;0,00;3,00;1,00;8,00;20,00;0,00;0,00;2,36;51,86;2,36;1,00;0,00;11,00;8,00
2020-06-21;61,00;6,00;17,00;0,00;0,00;6,00;0,00;0,00;1,00;1,00;6,00;43,00;1,00;0,00;2,35;61,00;4,69;0,00;4,00;3,00;8,00
2020-06-28;87,00;5,00;10,00;0,00;0,00;4,00;1,00;4,00;1,00;4,00;15,00;43,00;0,00;0,00;0,00;98,76;2,35;0,00;0,00;4,00;3,00
2020-07-05;68,00;6,00;6,00;0,00;0,00;7,00;0,00;1,00;4,00;3,00;6,00;61,00;0,00;2,34;2,34;79,72;2,34;1,00;3,00;4,00;11,00
2020-07-12;88,00;6,00;9,00;0,00;0,00;1,00;0,00;0,00;4,00;0,00;12,00;59,00;3,00;0,00;2,38;92,76;0,00;0,00;19,00;6,00;15,00
2020-07-19;100,00;6,00;14,00;3,00;0,00;5,00;2,00;3,00;2,00;2,00;11,00;62,00;0,00;0,00;0,00;93,02;6,98;0,00;6,00;2,00;9,00
2020-07-26;62,00;6,00;9,00;5,00;2,00;3,00;0,00;2,00;3,00;0,00;8,00;53,00;0,00;0,00;0,00;102,54;2,38;3,00;3,00;2,00;9,00
2020-08-02;63,00;4,00;9,00;2,00;0,00;3,00;0,00;0,00;2,00;2,00;6,00;51,00;3,00;2,33;0,00;60,67;0,00;1,00;6,00;1,00;6,00
2020-08-09;43,00;9,00;9,00;1,00;0,00;1,00;0,00;1,00;3,00;4,00;10,00;38,00;1,00;0,00;2,26;70,16;0,00;3,00;0,00;0,00;4,00
2020-08-16;22,00;3,00;3,00;0,00;0,00;4,00;0,00;0,00;0,00;1,00;13,00;34,00;0,00;2,44;2,44;46,44;4,89;0,00;1,00;0,00;1,00
2020-08-23;48,00;2,00;3,00;4,00;0,00;0,00;0,00;1,00;1,00;3,00;9,00;30,00;0,00;2,40;2,40;36,00;2,40;0,00;6,00;2,00;3,00
2020-08-30;31,00;5,00;12,00;2,00;2,00;3,00;0,00;2,00;2,00;0,00;5,00;25,00;2,00;0,00;2,38;47,69;2,38;2,00;8,00;5,00;6,00
2020-09-06;38,00;6,00;6,00;0,00;0,00;2,00;0,00;0,00;0,00;3,00;8,00;34,00;2,00;2,38;4,75;33,25;2,38;5,00;2,00;5,00;6,00
2020-09-13;26,00;6,00;6,00;2,00;2,00;3,00;0,00;0,00;0,00;2,00;9,00;25,00;2,00;0,00;0,00;37,82;0,00;0,00;3,00;0,00;2,00
2020-09-20;21,00;2,00;5,00;0,00;1,00;2,00;0,00;0,00;0,00;0,00;2,00;11,00;0,00;4,67;0,00;23,33;0,00;3,00;2,00;0,00;3,00
2020-09-27;9,00;0,00;5,00;0,00;2,00;6,00;0,00;0,00;2,00;0,00;5,00;20,00;0,00;0,00;0,00;36,00;0,00;0,00;2,00;2,00;2,00
2020-10-04;21,00;3,00;9,00;0,00;0,00;0,00;2,00;2,00;0,00;5,00;5,00;28,00;0,00;0,00;2,33;35,00;0,00;0,00;0,00;5,00;2,00
2020-10-11;21,00;0,00;6,00;0,00;0,00;2,00;0,00;0,00;2,00;0,00;6,00;16,00;2,00;2,33;0,00;32,67;0,00;0,00;0,00;2,00;2,00
2020-10-18;19,00;2,00;5,00;0,00;0,00;2,00;0,00;0,00;5,00;11,00;10,00;19,00;3,00;2,38;0,00;33,25;0,00;0,00;2,00;0,00;2,00
2020-10-25;14,00;0,00;2,00;0,00;3,00;0,00;0,00;0,00;3,00;0,00;6,00;14,00;2,00;0,00;0,00;30,33;0,00;3,00;3,00;2,00;2,00
2020-11-01;23,00;5,00;3,00;0,00;2,00;3,00;0,00;2,00;2,00;0,00;5,00;20,00;0,00;2,30;0,00;32,20;0,00;0,00;3,00;3,00;5,00
2020-11-08;27,00;2,00;5,00;2,00;0,00;2,00;0,00;0,00;0,00;0,00;6,00;20,00;2,00;0,00;0,00;29,25;0,00;0,00;5,00;2,00;9,00
2020-11-15;23,00;6,00;0,00;3,00;0,00;2,00;0,00;0,00;0,00;2,00;3,00;26,00;2,00;0,00;0,00;32,20;0,00;0,00;5,00;2,00;6,00
2020-11-22;15,00;3,00;1,00;0,00;0,00;6,00;0,00;0,00;0,00;0,00;7,00;18,00;1,00;2,50;0,00;27,50;2,50;0,00;1,00;0,00;3,00
2020-11-29;14,00;2,00;0,00;0,00;0,00;2,00;0,00;0,00;2,00;5,00;0,00;26,00;3,00;2,33;0,00;30,33;0,00;0,00;0,00;0,00;3,00
2020-12-06;17,00;6,00;2,00;0,00;0,00;0,00;0,00;0,00;0,00;0,00;3,00;30,00;0,00;2,43;0,00;29,14;0,00;0,00;5,00;0,00;3,00
2020-12-13;17,00;0,00;3,00;0,00;0,00;3,00;0,00;0,00;2,00;2,00;3,00;19,00;0,00;2,43;0,00;21,86;2,43;0,00;6,00;0,00;3,00
2020-12-20;14,00;5,00;0,00;0,00;0,00;3,00;0,00;2,00;2,00;0,00;10,00;19,00;0,00;2,33;0,00;21,00;0,00;0,00;2,00;0,00;3,00
2020-12-27;38,00;3,00;3,00;2,00;0,00;2,00;0,00;0,00;2,00;0,00;11,00;22,00;0,00;2,38;0,00;23,75;0,00;0,00;2,00;3,00;2,00
2021-01-03;15,00;0,00;1,00;1,00;1,00;1,00;1,00;1,00;4,00;0,00;0,00;18,00;0,00;2,50;0,00;30,00;0,00;0,00;3,00;0,00;4,00
2021-01-10;24,00;2,00;11,00;0,00;0,00;0,00;0,00;0,00;0,00;2,00;3,00;26,00;0,00;2,40;0,00;36,00;2,40;0,00;0,00;3,00;3,00
2021-01-17;15,00;1,00;1,00;4,00;1,00;4,00;0,00;4,00;0,00;0,00;6,00;25,00;0,00;2,50;2,50;30,00;2,50;0,00;1,00;1,00;7,00
2021-01-24;19,00;6,00;7,00;0,00;0,00;3,00;0,00;1,00;4,00;3,00;6,00;21,00;0,00;2,38;0,00;35,63;0,00;0,00;3,00;0,00;4,00
2021-01-31;24,00;6,00;10,00;3,00;0,00;0,00;0,00;1,00;9,00;0,00;6,00;12,00;0,00;0,00;0,00;24,00;2,40;1,00;7,00;0,00;3,00
2021-02-07;17,00;0,00;6,00;3,00;3,00;2,00;0,00;0,00;0,00;9,00;2,00;23,00;2,00;0,00;0,00;21,86;0,00;0,00;2,00;2,00;2,00
2021-02-14;20,00;2,00;0,00;3,00;0,00;5,00;0,00;0,00;0,00;0,00;8,00;19,00;0,00;0,00;2,22;28,89;2,22;0,00;5,00;2,00;8,00
2021-02-21;21,00;2,00;0,00;0,00;0,00;3,00;0,00;2,00;2,00;2,00;6,00;9,00;5,00;2,33;0,00;28,00;0,00;3,00;5,00;3,00;12,00
2021-02-28;17,00;0,00;11,00;0,00;0,00;2,00;0,00;2,00;2,00;3,00;0,00;23,00;0,00;2,43;2,43;14,57;0,00;0,00;3,00;0,00;11,00
2021-03-07;35,00;10,00;3,00;2,00;0,00;3,00;2,00;0,00;0,00;0,00;3,00;31,00;0,00;0,00;0,00;32,67;0,00;0,00;2,00;2,00;10,00
2021-03-14;34,00;3,00;6,00;0,00;0,00;2,00;0,00;0,00;2,00;0,00;5,00;14,00;0,00;0,00;0,00;38,53;2,27;0,00;2,00;6,00;6,00
2021-03-21;18,00;0,00;3,00;2,00;2,00;0,00;0,00;0,00;0,00;0,00;2,00;11,00;0,00;0,00;0,00;22,50;2,25;0,00;2,00;0,00;2,00
2021-03-28;10,00;0,00;0,00;0,00;0,00;0,00;0,00;0,00;0,00;0,00;12,00;14,00;0,00;2,50;0,00;25,00;2,50;0,00;0,00;2,00;3,00
2021-04-04;11,00;2,00;0,00;2,00;0,00;3,00;0,00;0,00;0,00;0,00;3,00;20,00;0,00;0,00;0,00;15,40;0,00;0,00;0,00;3,00;3,00
2021-04-11;25,00;2,00;2,00;0,00;0,00;2,00;0,00;0,00;0,00;0,00;5,00;20,00;0,00;0,00;0,00;27,27;0,00;0,00;0,00;0,00;2,00
2021-04-18;15,00;0,00;3,00;3,00;0,00;5,00;0,00;0,00;0,00;2,00;3,00;5,00;3,00;0,00;0,00;25,71;0,00;0,00;2,00;0,00;7,00
2021-04-25;10,00;2,00;8,00;0,00;0,00;2,00;0,00;0,00;0,00;0,00;3,00;20,00;0,00;0,00;0,00;22,50;0,00;0,00;0,00;0,00;0,00
2021-05-02;16,00;2,00;2,00;0,00;2,00;2,00;0,00;0,00;0,00;0,00;3,00;19,00;0,00;0,00;0,00;36,57;0,00;0,00;2,00;2,00;0,00
2021-05-09;10,00;0,00;3,00;0,00;0,00;0,00;0,00;3,00;2,00;0,00;5,00;15,00;0,00;0,00;0,00;37,50;0,00;0,00;0,00;3,00;3,00
2021-05-16;16,00;2,00;3,00;0,00;0,00;2,00;0,00;0,00;5,00;0,00;2,00;10,00;2,00;0,00;0,00;18,29;0,00;3,00;3,00;0,00;5,00
2021-05-23;23,00;3,00;2,00;0,00;0,00;2,00;0,00;2,00;0,00;2,00;0,00;12,00;0,00;0,00;0,00;34,50;0,00;0,00;2,00;0,00;2,00
2021-05-30;27,00;0,00;2,00;0,00;0,00;2,00;0,00;0,00;0,00;2,00;2,00;18,00;2,00;0,00;0,00;27,00;2,45;2,00;0,00;0,00;4,00
2021-06-06;15,00;0,00;5,00;0,00;0,00;0,00;0,00;2,00;0,00;0,00;3,00;14,00;2,00;0,00;0,00;27,50;0,00;0,00;0,00;10,00;0,00
2021-06-13;12,00;2,00;2,00;0,00;0,00;2,00;2,00;0,00;0,00;0,00;2,00;12,00;2,00;0,00;0,00;36,00;2,40;0,00;0,00;2,00;2,00
2021-06-20;25,00;2,00;0,00;0,00;0,00;5,00;0,00;2,00;2,00;0,00;8,00;19,00;0,00;0,00;0,00;27,27;0,00;0,00;2,00;8,00;5,00
2021-06-27;18,00;3,00;3,00;0,00;2,00;2,00;0,00;0,00;0,00;2,00;3,00;12,00;2,00;0,00;0,00;33,75;0,00;0,00;3,00;0,00;3,00
2021-07-04;20,00;3,00;3,00;2,00;2,00;5,00;0,00;3,00;2,00;2,00;3,00;32,00;2,00;0,00;2,22;26,67;0,00;2,00;0,00;2,00;10,00
2021-07-11;16,00;3,00;2,00;0,00;3,00;2,00;0,00;2,00;0,00;0,00;2,00;26,00;3,00;0,00;0,00;34,29;2,29;0,00;0,00;0,00;5,00
2021-07-18;18,00;2,00;2,00;0,00;0,00;0,00;0,00;0,00;2,00;0,00;5,00;13,00;0,00;0,00;0,00;20,25;2,25;2,00;2,00;4,00;2,00
2021-07-25;24,00;2,00;2,00;0,00;0,00;2,00;2,00;0,00;2,00;3,00;7,00;14,00;0,00;2,40;0,00;40,80;0,00;0,00;2,00;0,00;3,00
2021-08-01;32,00;2,00;2,00;0,00;0,00;0,00;0,00;2,00;3,00;2,00;2,00;17,00;0,00;2,29;0,00;27,43;2,29;0,00;3,00;0,00;2,00
2021-08-08;34,00;5,00;0,00;0,00;0,00;3,00;0,00;0,00;2,00;3,00;2,00;26,00;0,00;0,00;0,00;40,80;0,00;0,00;2,00;2,00;2,00
2021-08-15;32,00;5,00;2,00;0,00;0,00;3,00;0,00;0,00;0,00;3,00;0,00;17,00;0,00;2,29;2,29;50,29;2,29;0,00;3,00;0,00;0,00
2021-08-22;29,00;6,00;4,00;0,00;2,00;0,00;0,00;0,00;0,00;2,00;0,00;22,00;0,00;2,42;2,42;33,83;0,00;0,00;2,00;0,00;2,00
2021-08-29;18,00;0,00;4,00;2,00;0,00;4,00;0,00;2,00;0,00;0,00;2,00;28,00;0,00;2,25;0,00;29,25;2,25;0,00;5,00;0,00;7,00
2021-09-05;20,00;2,00;7,00;0,00;2,00;2,00;0,00;2,00;2,00;2,00;5,00;26,00;0,00;0,00;0,00;26,67;0,00;0,00;0,00;4,00;2,00
2021-09-12;31,00;2,00;7,00;2,00;0,00;2,00;0,00;0,00;0,00;4,00;0,00;11,00;0,00;2,38;4,77;28,62;0,00;0,00;0,00;4,00;4,00
2021-09-19;21,00;2,00;2,00;0,00;0,00;2,00;0,00;0,00;0,00;0,00;2,00;14,00;0,00;2,33;2,33;37,33;2,33;0,00;2,00;2,00;2,00
2021-09-26;28,00;0,00;4,00;0,00;0,00;0,00;0,00;2,00;2,00;2,00;2,00;12,00;0,00;0,00;2,33;32,67;0,00;0,00;4,00;5,00;0,00
2021-10-03;16,00;4,00;2,00;0,00;0,00;2,00;0,00;0,00;0,00;2,00;2,00;22,00;2,00;0,00;2,29;29,71;0,00;0,00;5,00;2,00;2,00
2021-10-10;18,00;2,00;2,00;0,00;0,00;2,00;2,00;0,00;0,00;0,00;4,00;33,00;0,00;2,25;0,00;29,25;0,00;0,00;7,00;0,00;5,00
2021-10-17;32,00;2,00;2,00;0,00;0,00;2,00;0,00;0,00;0,00;0,00;5,00;43,00;0,00;2,29;0,00;48,00;0,00;0,00;0,00;0,00;2,00
2021-10-24;16,00;2,00;4,00;0,00;0,00;0,00;0,00;0,00;2,00;0,00;9,00;25,00;4,00;0,00;0,00;38,86;0,00;0,00;4,00;2,00;4,00
2021-10-31;27,00;4,00;2,00;0,00;0,00;0,00;0,00;0,00;0,00;0,00;0,00;18,00;0,00;0,00;0,00;27,00;0,00;0,00;4,00;4,00;2,00
2021-11-07;23,00;4,00;5,00;0,00;2,00;0,00;0,00;2,00;4,00;4,00;4,00;18,00;2,00;0,00;2,30;34,50;0,00;0,00;0,00;0,00;0,00
2021-11-14;19,00;0,00;4,00;0,00;0,00;2,00;0,00;0,00;0,00;0,00;4,00;21,00;0,00;0,00;0,00;30,88;0,00;0,00;2,00;0,00;4,00
2021-11-21;14,00;3,00;3,00;2,00;0,00;0,00;0,00;0,00;0,00;3,00;0,00;14,00;0,00;0,00;0,00;30,33;0,00;2,00;0,00;0,00;2,00
2021-11-28;10,00;0,00;2,00;2,00;0,00;0,00;0,00;0,00;0,00;0,00;5,00;17,00;2,00;2,50;2,50;15,00;0,00;0,00;0,00;2,00;7,00
2021-12-05;7,00;0,00;2,00;0,00;0,00;2,00;0,00;2,00;2,00;0,00;5,00;9,00;2,00;0,00;0,00;18,67;0,00;0,00;0,00;0,00;5,00
2021-12-12;9,00;4,00;4,00;2,00;0,00;0,00;0,00;0,00;0,00;0,00;4,00;11,00;0,00;0,00;2,25;20,25;2,25;0,00;0,00;0,00;0,00
2021-12-19;13,00;0,00;2,00;0,00;0,00;2,00;0,00;0,00;0,00;0,00;26,00;20,00;0,00;0,00;0,00;21,67;0,00;0,00;2,00;0,00;0,00
2021-12-26;16,00;0,00;16,00;0,00;0,00;0,00;0,00;0,00;0,00;0,00;12,00;18,00;0,00;0,00;0,00;22,86;0,00;0,00;4,00;0,00;2,00
2022-01-02;20,00;2,00;4,00;0,00;2,00;4,00;0,00;0,00;0,00;2,00;11,00;35,00;0,00;0,00;0,00;66,67;0,00;0,00;2,00;0,00;6,00
2022-01-09;28,00;2,00;7,00;0,00;0,00;4,00;0,00;2,00;4,00;4,00;4,00;34,00;0,00;0,00;0,00;53,67;0,00;0,00;6,00;2,00;2,00
2022-01-16;26,00;2,00;2,00;0,00;0,00;0,00;0,00;0,00;2,00;2,00;6,00;36,00;0,00;2,36;0,00;54,36;0,00;0,00;0,00;0,00;8,00
2022-01-23;30,00;0,00;0,00;0,00;0,00;4,00;0,00;0,00;0,00;2,00;6,00;28,00;0,00;0,00;0,00;46,15;0,00;0,00;4,00;2,00;4,00
2022-01-30;26,00;6,00;8,00;2,00;0,00;6,00;0,00;0,00;2,00;0,00;8,00;32,00;0,00;0,00;0,00;44,91;2,36;0,00;6,00;0,00;4,00
2022-02-06;21,00;0,00;0,00;0,00;0,00;2,00;0,00;0,00;0,00;4,00;6,00;27,00;0,00;0,00;0,00;37,33;2,33;0,00;0,00;0,00;8,00
2022-02-13;39,00;2,00;6,00;0,00;0,00;4,00;0,00;0,00;6,00;2,00;2,00;35,00;0,00;2,29;0,00;52,76;0,00;2,00;2,00;2,00;11,00
2022-02-20;19,00;0,00;4,00;0,00;2,00;2,00;0,00;0,00;2,00;2,00;4,00;28,00;0,00;0,00;0,00;47,50;0,00;0,00;0,00;0,00;4,00
2022-02-27;24,00;0,00;2,00;0,00;0,00;0,00;0,00;0,00;2,00;0,00;9,00;38,00;0,00;0,00;0,00;45,60;0,00;0,00;0,00;0,00;0,00
