Semaine;Chamonix (FR);Val Thorens (FR);Alpe d Huez (FR);Les Deux Alpes (FR);Ischgl (AT);Tignes (FR);Les Arcs (FR);Saalbach (AT);Les Ménuires (FR);Avoriaz (FR);La Plagne (FR);Sankt Anton (AT);Flachau (AT);La Clusaz (FR);Zillertal (AT);Morzine (FR);Châtel (FR);Les Gets (FR);Val Cenis (FR);Courchevel (FR);Mayrhofen (AT);Val Gardena (IT);Serre Chevalier (FR);Samoëns (FR);Valloire (FR);Méribel (FR);Val d Isère (FR);Megève (FR);Kitzbuhel (AT);Vars (FR);Garmisch (DE);Schladming (AT);Grand Bornand (FR);Brixental (AT);Sestriere (IT);Font Romeu (FR);St Lary (FR);Barèges (FR);La Mongie (FR);Peyragudes (FR)
2019-01-06;70,00;5,71;7,14;2,86;61,43;8,62;7,54;12,92;1,08;15,00;5,00;76,00;53,00;15,00;6,00;13,00;7,00;19,00;0,00;9,00;7,00;2,00;4,00;9,00;0,00;4,00;7,00;12,00;8,00;1,00;2,00;0,00;1,00;2,00;4,00;1,00;0,00;0,00;0,00;0,00
2019-01-13;78,00;5,67;4,25;4,25;65,24;9,75;3,25;8,67;4,33;25,00;0,00;45,00;2,00;13,00;9,00;8,00;14,00;27,00;0,00;11,00;2,00;0,00;1,00;12,00;0,00;4,00;0,00;20,00;7,00;0,00;5,00;6,00;6,00;1,00;2,00;0,00;0,00;0,00;0,00;0,00
2019-01-20;64,00;2,84;9,96;4,27;32,71;3,20;4,27;6,40;0,00;18,00;2,00;26,00;0,00;15,00;7,00;17,00;7,00;20,00;0,00;14,00;1,00;1,00;0,00;13,00;0,00;2,00;4,00;10,00;22,00;0,00;4,00;0,00;6,00;1,00;5,00;0,00;0,00;0,00;0,00;0,00
2019-01-27;67,00;5,70;2,85;4,28;45,62;7,56;7,56;3,24;4,32;21,00;5,00;34,00;0,00;22,00;8,00;13,00;6,00;16,00;1,00;5,00;1,00;1,00;1,00;13,00;0,00;5,00;5,00;12,00;9,00;0,00;8,00;10,00;7,00;0,00;0,00;0,00;0,00;0,00;0,00;0,00
2019-02-03;74,00;4,27;2,85;1,42;32,73;2,14;3,22;7,51;2,14;17,00;1,00;26,00;2,00;10,00;9,00;22,00;11,00;17,00;0,00;6,00;7,00;4,00;5,00;9,00;0,00;6,00;2,00;15,00;6,00;0,00;2,00;1,00;4,00;1,00;0,00;0,00;0,00;0,00;0,00;0,00
2019-02-10;79,00;4,23;8,46;1,41;52,20;5,34;2,14;9,61;2,14;6,00;4,00;20,00;4,00;10,00;6,00;11,00;11,00;20,00;1,00;9,00;0,00;1,00;5,00;5,00;0,00;2,00;1,00;18,00;7,00;0,00;0,00;1,00;1,00;4,00;0,00;0,00;0,00;0,00;0,00;0,00
2019-02-17;66,00;8,61;2,87;0,00;25,83;2,13;9,58;1,06;3,19;14,00;1,00;19,00;2,00;12,00;7,00;7,00;16,00;11,00;1,00;6,00;2,00;4,00;2,00;9,00;0,00;4,00;4,00;12,00;4,00;0,00;2,00;1,00;2,00;2,00;1,00;0,00;0,00;0,00;0,00;0,00
2019-02-24;63,00;4,30;4,30;2,86;28,64;9,61;0,00;9,61;5,34;17,00;0,00;22,00;1,00;8,00;7,00;5,00;8,00;10,00;0,00;4,00;0,00;1,00;4,00;7,00;0,00;5,00;0,00;8,00;6,00;0,00;4,00;0,00;4,00;0,00;2,00;0,00;0,00;0,00;0,00;0,00
2019-03-03;53,00;2,79;6,97;2,79;44,63;8,48;3,18;6,36;2,12;17,00;3,00;19,00;5,00;7,00;12,00;9,00;2,00;5,00;0,00;3,00;6,00;2,00;2,00;6,00;1,00;0,00;3,00;10,00;5,00;0,00;6,00;0,00;3,00;0,00;2,00;0,00;0,00;0,00;0,00;0,00
2019-03-10;77,00;4,28;11,41;1,43;24,24;7,49;2,14;7,49;0,00;9,00;1,00;33,00;0,00;6,00;5,00;9,00;7,00;6,00;0,00;9,00;2,00;1,00;1,00;5,00;0,00;2,00;2,00;5,00;2,00;0,00;1,00;2,00;1,00;0,00;1,00;0,00;0,00;0,00;0,00;0,00
2019-03-17;61,00;4,26;7,09;2,84;39,72;2,14;3,21;2,14;2,14;5,00;0,00;18,00;1,00;9,00;5,00;5,00;1,00;10,00;0,00;9,00;2,00;4,00;0,00;1,00;0,00;1,00;1,00;10,00;2,00;0,00;4,00;1,00;0,00;1,00;0,00;0,00;0,00;0,00;0,00;0,00
2019-03-24;42,00;4,34;4,34;0,00;31,86;5,38;1,08;1,08;1,08;6,00;2,00;7,00;1,00;10,00;10,00;5,00;5,00;5,00;1,00;0,00;2,00;0,00;0,00;6,00;0,00;1,00;4,00;4,00;4,00;0,00;0,00;0,00;1,00;0,00;0,00;0,00;0,00;0,00;1,00;0,00
2019-03-31;44,00;5,68;4,26;0,00;22,71;3,22;2,15;6,44;1,07;8,00;0,00;11,00;0,00;8,00;10,00;8,00;4,00;12,00;0,00;4,00;2,00;0,00;2,00;4,00;0,00;4,00;1,00;6,00;2,00;0,00;1,00;2,00;1,00;0,00;0,00;0,00;0,00;0,00;0,00;0,00
2019-04-07;36,00;1,44;1,44;1,44;20,16;3,27;2,18;2,18;2,18;11,00;1,00;6,00;0,00;5,00;10,00;3,00;5,00;7,00;0,00;3,00;7,00;0,00;2,00;1,00;0,00;2,00;0,00;4,00;3,00;0,00;1,00;0,00;1,00;1,00;0,00;2,00;0,00;0,00;0,00;0,00
2019-04-14;47,00;5,70;7,12;2,85;25,64;1,07;0,00;4,27;0,00;15,00;0,00;20,00;1,00;3,00;7,00;7,00;4,00;1,00;0,00;1,00;0,00;0,00;0,00;4,00;0,00;3,00;1,00;0,00;4,00;1,00;3,00;0,00;0,00;1,00;0,00;0,00;0,00;0,00;0,00;0,00
2019-04-21;63,00;4,30;4,30;0,00;15,75;4,27;0,00;1,07;0,00;1,00;1,00;12,00;0,00;4,00;13,00;7,00;0,00;0,00;0,00;0,00;5,00;0,00;0,00;3,00;0,00;0,00;4,00;0,00;1,00;0,00;1,00;0,00;0,00;1,00;0,00;0,00;0,00;0,00;0,00;0,00
2019-04-28;34,00;0,00;1,42;0,00;28,33;0,00;0,00;1,06;1,06;2,00;0,00;7,00;2,00;1,00;3,00;2,00;2,00;2,00;0,00;1,00;3,00;0,00;1,00;1,00;0,00;1,00;1,00;0,00;0,00;0,00;2,00;1,00;1,00;3,00;1,00;1,00;0,00;0,00;0,00;0,00
2019-05-05;40,00;2,86;2,86;0,00;11,43;3,24;1,08;1,08;0,00;1,00;0,00;7,00;2,00;1,00;7,00;4,00;5,00;2,00;0,00;0,00;1,00;0,00;1,00;2,00;0,00;2,00;0,00;0,00;5,00;0,00;6,00;1,00;0,00;0,00;0,00;0,00;0,00;0,00;0,00;0,00
2019-05-12;36,00;5,76;1,44;1,44;5,76;1,06;0,00;4,24;0,00;2,00;0,00;4,00;0,00;4,00;2,00;8,00;0,00;5,00;0,00;1,00;0,00;0,00;1,00;1,00;0,00;1,00;0,00;1,00;2,00;0,00;1,00;0,00;0,00;2,00;0,00;0,00;0,00;0,00;0,00;0,00
2019-05-19;34,00;0,00;2,83;0,00;7,08;0,00;0,00;3,29;0,00;0,00;0,00;11,00;1,00;5,00;2,00;6,00;2,00;0,00;0,00;0,00;6,00;0,00;0,00;2,00;0,00;0,00;0,00;4,00;5,00;0,00;1,00;0,00;0,00;4,00;1,00;0,00;0,00;0,00;0,00;1,00
2019-05-26;56,00;0,00;0,00;0,00;4,31;2,15;0,00;2,15;0,00;3,00;0,00;12,00;1,00;4,00;3,00;9,00;4,00;4,00;0,00;1,00;1,00;0,00;1,00;4,00;0,00;1,00;1,00;4,00;6,00;0,00;0,00;0,00;1,00;1,00;0,00;0,00;0,00;0,00;0,00;0,00
2019-06-02;48,00;0,00;4,24;0,00;9,88;0,00;1,07;4,27;0,00;1,00;0,00;5,00;0,00;6,00;8,00;4,00;1,00;4,00;0,00;4,00;2,00;0,00;0,00;6,00;0,00;2,00;1,00;1,00;6,00;0,00;1,00;2,00;1,00;2,00;1,00;1,00;0,00;0,00;0,00;0,00
2019-06-09;51,00;0,00;1,42;4,25;9,92;4,34;0,00;1,09;0,00;1,00;0,00;10,00;5,00;2,00;12,00;6,00;1,00;12,00;0,00;0,00;2,00;0,00;0,00;10,00;1,00;0,00;1,00;1,00;7,00;0,00;5,00;2,00;0,00;1,00;0,00;0,00;1,00;0,00;0,00;0,00
2019-06-16;40,00;1,43;1,43;1,43;11,43;6,49;2,16;2,16;0,00;4,00;1,00;9,00;2,00;1,00;6,00;9,00;4,00;5,00;0,00;0,00;5,00;0,00;0,00;5,00;0,00;0,00;1,00;1,00;5,00;0,00;2,00;0,00;0,00;0,00;1,00;0,00;0,00;0,00;0,00;0,00
2019-06-23;59,00;1,40;4,21;0,00;8,43;2,15;0,00;1,07;0,00;1,00;0,00;7,00;0,00;1,00;7,00;3,00;4,00;10,00;0,00;0,00;4,00;3,00;1,00;3,00;1,00;0,00;0,00;4,00;3,00;0,00;5,00;0,00;0,00;3,00;0,00;0,00;0,00;0,00;0,00;0,00
2019-06-30;46,00;1,39;1,39;5,58;9,76;0,00;0,00;1,07;0,00;2,00;0,00;10,00;1,00;1,00;9,00;27,00;6,00;2,00;0,00;1,00;4,00;0,00;2,00;6,00;1,00;2,00;0,00;4,00;5,00;1,00;5,00;2,00;1,00;1,00;1,00;0,00;0,00;0,00;0,00;0,00
2019-07-07;60,00;0,00;0,00;1,43;18,57;2,14;1,07;5,36;0,00;1,00;1,00;17,00;0,00;5,00;12,00;31,00;4,00;9,00;1,00;1,00;0,00;0,00;1,00;8,00;0,00;1,00;0,00;3,00;6,00;0,00;5,00;0,00;1,00;1,00;0,00;0,00;0,00;0,00;0,00;0,00
2019-07-14;81,00;2,84;8,53;2,84;19,89;0,00;0,00;1,08;0,00;6,00;0,00;17,00;1,00;3,00;12,00;8,00;4,00;3,00;0,00;0,00;4,00;0,00;3,00;6,00;1,00;0,00;0,00;1,00;6,00;0,00;6,00;3,00;3,00;1,00;0,00;0,00;1,00;0,00;0,00;0,00
2019-07-21;89,00;8,48;5,65;5,65;24,02;11,80;0,00;3,22;1,07;3,00;0,00;12,00;1,00;7,00;9,00;9,00;6,00;1,00;0,00;0,00;3,00;0,00;0,00;3,00;4,00;1,00;1,00;2,00;10,00;1,00;1,00;1,00;1,00;1,00;0,00;0,00;1,00;0,00;0,00;0,00
2019-07-28;75,00;0,00;4,25;4,25;25,47;4,29;1,07;6,43;0,00;6,00;0,00;22,00;1,00;6,00;18,00;6,00;6,00;10,00;0,00;4,00;10,00;0,00;0,00;4,00;0,00;3,00;1,00;3,00;10,00;0,00;1,00;1,00;0,00;1,00;0,00;0,00;0,00;0,00;0,00;0,00
2019-08-04;77,00;4,28;2,85;1,43;15,69;3,21;0,00;4,28;0,00;4,00;0,00;25,00;0,00;4,00;10,00;3,00;7,00;3,00;1,00;1,00;6,00;0,00;1,00;3,00;1,00;0,00;3,00;0,00;6,00;0,00;1,00;0,00;0,00;1,00;0,00;0,00;0,00;0,00;0,00;0,00
2019-08-11;79,00;4,31;2,87;2,87;18,67;2,16;2,16;7,58;0,00;6,00;3,00;11,00;1,00;3,00;13,00;8,00;6,00;5,00;0,00;0,00;4,00;0,00;0,00;3,00;1,00;1,00;1,00;1,00;10,00;1,00;4,00;0,00;1,00;0,00;0,00;0,00;0,00;0,00;0,00;0,00
2019-08-18;84,00;0,00;4,27;1,42;19,93;7,54;2,15;3,23;0,00;1,00;0,00;12,00;1,00;7,00;6,00;10,00;10,00;1,00;0,00;2,00;2,00;0,00;1,00;1,00;1,00;2,00;1,00;4,00;7,00;0,00;4,00;0,00;0,00;0,00;0,00;0,00;0,00;0,00;0,00;0,00
2019-08-25;74,00;0,00;2,85;0,00;12,81;6,43;1,07;1,07;0,00;2,00;0,00;5,00;0,00;6,00;12,00;7,00;7,00;9,00;0,00;0,00;4,00;1,00;0,00;5,00;1,00;0,00;1,00;1,00;5,00;0,00;0,00;2,00;4,00;1,00;0,00;0,00;0,00;0,00;0,00;0,00
2019-09-01;71,00;1,42;0,00;0,00;17,04;1,08;1,08;3,23;0,00;1,00;1,00;10,00;0,00;2,00;9,00;2,00;8,00;3,00;0,00;7,00;3,00;0,00;1,00;2,00;1,00;0,00;0,00;4,00;6,00;0,00;3,00;0,00;3,00;0,00;0,00;2,00;0,00;0,00;0,00;0,00
2019-09-08;64,00;2,84;2,84;0,00;14,22;2,13;1,07;2,13;1,07;6,00;0,00;16,00;1,00;2,00;12,00;1,00;8,00;7,00;0,00;1,00;7,00;4,00;1,00;2,00;0,00;1,00;2,00;3,00;1,00;0,00;1,00;0,00;2,00;1,00;0,00;0,00;0,00;0,00;0,00;0,00
2019-09-15;42,00;2,80;7,00;0,00;16,80;0,00;1,05;0,00;1,05;1,00;1,00;16,00;1,00;7,00;8,00;2,00;4,00;4,00;0,00;4,00;1,00;0,00;0,00;2,00;0,00;0,00;1,00;4,00;2,00;0,00;2,00;1,00;1,00;0,00;0,00;1,00;0,00;0,00;0,00;0,00
2019-09-22;53,00;2,86;2,86;1,43;17,19;4,33;1,08;6,49;0,00;2,00;1,00;10,00;0,00;6,00;4,00;1,00;4,00;4,00;0,00;1,00;1,00;1,00;0,00;5,00;0,00;1,00;1,00;5,00;8,00;0,00;4,00;0,00;1,00;2,00;0,00;0,00;0,00;0,00;0,00;0,00
2019-09-29;43,00;4,16;0,00;4,16;13,87;2,10;2,10;2,10;1,05;1,00;1,00;7,00;1,00;4,00;11,00;2,00;1,00;4,00;0,00;2,00;1,00;1,00;0,00;2,00;0,00;1,00;1,00;5,00;4,00;1,00;6,00;0,00;0,00;1,00;0,00;1,00;0,00;0,00;0,00;0,00
2019-10-06;52,00;1,41;2,81;1,41;15,46;2,12;1,06;0,00;0,00;0,00;1,00;12,00;0,00;6,00;12,00;2,00;7,00;2,00;0,00;1,00;2,00;0,00;1,00;1,00;0,00;2,00;1,00;1,00;7,00;0,00;7,00;1,00;1,00;0,00;1,00;0,00;0,00;0,00;0,00;0,00
2019-10-13;57,00;4,28;2,85;0,00;14,25;2,11;1,06;3,17;0,00;1,00;0,00;10,00;1,00;0,00;8,00;5,00;1,00;4,00;0,00;0,00;0,00;0,00;1,00;4,00;0,00;1,00;1,00;2,00;2,00;0,00;2,00;2,00;0,00;0,00;0,00;0,00;0,00;0,00;0,00;0,00
2019-10-20;60,00;1,43;2,86;1,43;18,57;1,07;2,14;4,29;3,21;5,00;0,00;15,00;0,00;6,00;13,00;2,00;2,00;6,00;0,00;5,00;3,00;0,00;1,00;1,00;0,00;1,00;0,00;11,00;5,00;0,00;1,00;0,00;2,00;0,00;0,00;0,00;0,00;0,00;1,00;0,00
2019-10-27;57,00;2,85;4,28;1,43;24,23;1,08;0,00;3,23;1,08;7,00;0,00;16,00;1,00;2,00;2,00;7,00;1,00;1,00;0,00;6,00;0,00;0,00;0,00;2,00;0,00;0,00;2,00;8,00;3,00;0,00;1,00;0,00;0,00;0,00;0,00;0,00;0,00;0,00;0,00;0,00
2019-11-03;40,00;7,14;1,43;2,86;21,43;3,24;1,08;1,08;1,08;3,00;5,00;15,00;1,00;6,00;7,00;6,00;3,00;2,00;0,00;1,00;2,00;0,00;1,00;5,00;0,00;1,00;1,00;2,00;6,00;0,00;0,00;2,00;1,00;0,00;0,00;0,00;0,00;0,00;0,00;0,00
2019-11-10;38,00;2,81;1,41;0,00;33,78;10,86;2,17;3,26;1,09;8,00;2,00;21,00;0,00;5,00;11,00;5,00;5,00;3,00;0,00;2,00;2,00;2,00;0,00;2,00;0,00;1,00;2,00;7,00;7,00;0,00;1,00;1,00;0,00;0,00;2,00;0,00;0,00;0,00;1,00;0,00
2019-11-17;55,00;5,79;4,34;2,89;31,84;3,24;3,24;4,31;1,08;3,00;0,00;18,00;0,00;5,00;3,00;6,00;6,00;5,00;0,00;0,00;1,00;1,00;0,00;1,00;1,00;3,00;1,00;8,00;2,00;1,00;0,00;1,00;1,00;0,00;2,00;0,00;0,00;0,00;0,00;0,00
2019-11-24;42,00;4,34;2,90;2,90;33,31;6,46;2,15;5,38;2,15;11,00;4,00;22,00;1,00;13,00;2,00;6,00;6,00;3,00;1,00;2,00;2,00;1,00;1,00;2,00;0,00;1,00;1,00;6,00;6,00;0,00;2,00;2,00;2,00;0,00;0,00;0,00;0,00;0,00;0,00;0,00
2019-12-01;60,00;5,71;10,00;0,00;45,71;4,29;3,21;4,29;3,21;8,00;1,00;41,00;1,00;10,00;3,00;7,00;5,00;10,00;1,00;8,00;2,00;1,00;2,00;7,00;0,00;2,00;3,00;10,00;7,00;0,00;0,00;2,00;2,00;0,00;3,00;0,00;0,00;0,00;0,00;0,00
2019-12-08;69,00;4,31;2,88;1,44;24,44;7,55;3,23;6,47;2,16;17,00;0,00;21,00;0,00;12,00;5,00;5,00;8,00;7,00;0,00;5,00;2,00;0,00;3,00;6,00;0,00;2,00;5,00;12,00;6,00;1,00;1,00;1,00;3,00;0,00;0,00;1,00;1,00;0,00;0,00;0,00
2019-12-15;63,00;2,86;2,86;1,43;35,80;5,34;1,07;3,20;0,00;20,00;3,00;23,00;0,00;14,00;5,00;7,00;5,00;5,00;0,00;5,00;2,00;1,00;2,00;2,00;0,00;3,00;5,00;12,00;3,00;0,00;3,00;0,00;2,00;0,00;2,00;0,00;0,00;0,00;0,00;0,00
2019-12-22;100,00;8,57;2,86;4,29;44,29;4,30;4,30;8,60;1,08;15,00;1,00;33,00;8,00;14,00;17,00;14,00;4,00;26,00;0,00;15,00;4,00;3,00;4,00;8,00;0,00;1,00;7,00;19,00;1,00;3,00;1,00;1,00;11,00;0,00;1,00;0,00;0,00;0,00;0,00;0,00
2019-12-29;88,00;7,10;5,68;1,42;38,32;15,02;4,29;6,44;3,22;20,00;3,00;38,00;3,00;23,00;8,00;9,00;11,00;24,00;0,00;17,00;4,00;4,00;1,00;12,00;1,00;3,00;1,00;27,00;7,00;0,00;3,00;0,00;7,00;3,00;0,00;1,00;0,00;0,00;0,00;0,00
2020-01-05;73,00;4,21;4,21;2,81;46,33;2,15;8,59;3,22;4,29;20,00;3,00;34,00;1,00;18,00;13,00;8,00;12,00;23,00;0,00;8,00;3,00;4,00;0,00;7,00;1,00;6,00;4,00;21,00;8,00;1,00;7,00;2,00;6,00;0,00;0,00;2,00;0,00;0,00;0,00;0,00
2020-01-12;63,00;8,59;2,86;1,43;42,95;5,34;5,34;3,20;1,07;22,00;1,00;35,00;37,00;11,00;8,00;20,00;10,00;27,00;0,00;4,00;0,00;1,00;2,00;8,00;2,00;8,00;1,00;14,00;3,00;0,00;1,00;1,00;2,00;0,00;9,00;1,00;0,00;0,00;0,00;0,00
2020-01-19;49,00;7,00;2,80;1,40;32,20;6,39;1,07;7,46;3,20;17,00;3,00;37,00;1,00;17,00;12,00;8,00;2,00;23,00;1,00;1,00;4,00;1,00;2,00;9,00;0,00;3,00;3,00;14,00;22,00;0,00;3,00;1,00;4,00;1,00;4,00;2,00;0,00;0,00;0,00;0,00
2020-01-26;66,00;9,83;4,21;5,62;30,89;8,52;0,00;6,39;2,13;11,00;0,00;22,00;2,00;10,00;8,00;12,00;10,00;13,00;0,00;8,00;2,00;0,00;2,00;7,00;0,00;2,00;1,00;13,00;12,00;1,00;9,00;12,00;0,00;2,00;2,00;0,00;0,00;0,00;0,00;0,00
2020-02-02;86,00;9,87;7,05;2,82;33,84;9,56;2,12;8,49;4,25;17,00;0,00;26,00;4,00;16,00;7,00;17,00;14,00;14,00;0,00;2,00;2,00;1,00;0,00;7,00;0,00;4,00;1,00;6,00;7,00;0,00;7,00;2,00;4,00;1,00;0,00;1,00;0,00;0,00;0,00;0,00
2020-02-09;94,00;9,97;2,85;1,42;21,36;4,32;5,40;108,05;2,16;21,00;0,00;35,00;0,00;21,00;7,00;10,00;16,00;21,00;0,00;13,00;2,00;1,00;0,00;9,00;2,00;3,00;8,00;24,00;2,00;1,00;2,00;0,00;3,00;0,00;0,00;0,00;1,00;0,00;0,00;0,00
2020-02-16;61,00;8,51;4,26;2,84;34,05;4,28;2,14;6,42;1,07;14,00;1,00;22,00;6,00;11,00;6,00;7,00;7,00;10,00;0,00;8,00;2,00;3,00;1,00;6,00;2,00;1,00;2,00;10,00;7,00;0,00;1,00;0,00;0,00;0,00;1,00;1,00;0,00;0,00;0,00;0,00
2020-02-23;46,00;5,58;6,97;0,00;29,27;3,21;4,28;5,35;3,21;15,00;1,00;19,00;1,00;9,00;7,00;6,00;7,00;19,00;0,00;8,00;1,00;0,00;2,00;3,00;0,00;3,00;4,00;10,00;3,00;1,00;2,00;1,00;3,00;0,00;2,00;0,00;0,00;0,00;0,00;0,00
2020-03-01;53,00;4,30;4,30;0,00;25,78;3,24;1,08;7,57;1,08;11,00;1,00;21,00;0,00;12,00;6,00;6,00;6,00;7,00;0,00;7,00;2,00;1,00;0,00;2,00;1,00;2,00;2,00;10,00;3,00;0,00;0,00;0,00;2,00;1,00;0,00;1,00;0,00;0,00;0,00;0,00
2020-03-08;42,00;5,79;5,79;1,45;144,83;9,69;7,54;5,38;2,15;15,00;2,00;46,00;2,00;7,00;6,00;9,00;8,00;14,00;0,00;4,00;2,00;4,00;1,00;5,00;0,00;7,00;9,00;9,00;5,00;1,00;2,00;0,00;0,00;1,00;1,00;1,00;0,00;0,00;0,00;0,00
2020-03-15;18,00;3,00;1,50;0,00;58,50;1,13;0,00;6,75;0,00;2,00;0,00;9,00;0,00;2,00;10,00;2,00;6,00;2,00;0,00;1,00;0,00;0,00;0,00;2,00;0,00;1,00;0,00;1,00;1,00;0,00;0,00;0,00;0,00;0,00;0,00;0,00;0,00;0,00;0,00;0,00
2020-03-22;6,00;0,00;1,50;0,00;28,50;0,00;0,00;2,40;0,00;0,00;0,00;3,00;0,00;2,00;9,00;0,00;0,00;0,00;0,00;0,00;1,00;0,00;0,00;0,00;0,00;0,00;0,00;0,00;1,00;0,00;1,00;0,00;0,00;0,00;0,00;0,00;0,00;0,00;0,00;0,00
2020-03-29;9,00;1,50;1,50;0,00;30,00;0,00;2,25;1,13;0,00;1,00;0,00;3,00;0,00;1,00;5,00;0,00;0,00;1,00;0,00;0,00;2,00;0,00;1,00;0,00;0,00;0,00;0,00;2,00;1,00;0,00;3,00;0,00;0,00;0,00;0,00;0,00;0,00;0,00;0,00;0,00
2020-04-05;2,00;1,00;1,00;0,00;12,00;0,00;2,00;0,00;0,00;2,00;0,00;3,00;0,00;2,00;1,00;1,00;0,00;2,00;0,00;1,00;0,00;3,00;0,00;1,00;0,00;0,00;2,00;1,00;1,00;0,00;1,00;0,00;0,00;0,00;1,00;0,00;0,00;0,00;0,00;0,00
2020-04-12;12,00;0,00;1,50;1,50;10,50;0,00;0,00;1,09;0,00;1,00;0,00;1,00;0,00;2,00;1,00;1,00;0,00;0,00;0,00;1,00;2,00;0,00;0,00;0,00;0,00;2,00;0,00;0,00;0,00;0,00;0,00;0,00;0,00;0,00;0,00;0,00;0,00;0,00;0,00;0,00
2020-04-19;11,00;1,38;0,00;0,00;9,63;2,20;0,00;1,10;0,00;1,00;0,00;7,00;0,00;0,00;1,00;1,00;1,00;1,00;0,00;0,00;1,00;0,00;0,00;1,00;0,00;0,00;0,00;2,00;0,00;0,00;2,00;0,00;0,00;0,00;0,00;0,00;0,00;0,00;0,00;0,00
2020-04-26;6,00;0,00;1,50;0,00;10,50;3,60;0,00;0,00;0,00;2,00;0,00;4,00;1,00;0,00;3,00;4,00;2,00;4,00;0,00;0,00;0,00;0,00;0,00;2,00;1,00;0,00;0,00;1,00;2,00;0,00;1,00;0,00;0,00;0,00;0,00;1,00;0,00;0,00;0,00;0,00
2020-05-03;9,00;1,50;1,50;0,00;10,50;1,00;0,00;0,00;0,00;1,00;0,00;3,00;0,00;3,00;3,00;0,00;1,00;1,00;0,00;0,00;0,00;0,00;0,00;0,00;0,00;0,00;0,00;1,00;1,00;0,00;1,00;0,00;0,00;0,00;0,00;0,00;0,00;0,00;0,00;0,00
2020-05-10;14,00;0,00;1,40;1,40;12,60;1,08;0,00;5,38;0,00;1,00;0,00;5,00;1,00;1,00;4,00;1,00;0,00;2,00;0,00;1,00;1,00;0,00;0,00;0,00;0,00;0,00;0,00;0,00;1,00;0,00;0,00;1,00;0,00;0,00;0,00;0,00;0,00;0,00;0,00;0,00
2020-05-17;15,00;0,00;2,73;1,36;9,55;0,00;1,07;2,14;0,00;0,00;0,00;4,00;1,00;0,00;4,00;1,00;4,00;1,00;0,00;1,00;2,00;0,00;0,00;0,00;0,00;0,00;0,00;0,00;1,00;0,00;1,00;0,00;0,00;0,00;0,00;1,00;0,00;0,00;0,00;0,00
2020-05-24;20,00;1,43;0,00;0,00;5,71;2,11;0,00;2,11;0,00;0,00;1,00;7,00;1,00;0,00;8,00;1,00;2,00;1,00;0,00;0,00;3,00;0,00;0,00;0,00;0,00;0,00;0,00;1,00;2,00;0,00;1,00;0,00;0,00;0,00;0,00;0,00;0,00;0,00;0,00;0,00
2020-05-31;30,00;1,43;1,43;0,00;5,71;1,07;1,07;3,21;0,00;3,00;0,00;4,00;1,00;4,00;7,00;2,00;3,00;2,00;0,00;0,00;3,00;1,00;1,00;3,00;0,00;1,00;1,00;10,00;2,00;0,00;3,00;1,00;0,00;1,00;0,00;1,00;0,00;0,00;0,00;0,00
2020-06-07;25,00;1,39;0,00;0,00;9,72;0,00;0,00;2,08;0,00;2,00;0,00;8,00;2,00;4,00;6,00;1,00;4,00;2,00;0,00;0,00;5,00;1,00;0,00;4,00;0,00;0,00;0,00;0,00;5,00;0,00;0,00;4,00;0,00;0,00;0,00;0,00;0,00;0,00;0,00;0,00
2020-06-14;35,00;2,80;1,40;2,80;8,40;3,18;0,00;5,30;0,00;0,00;1,00;10,00;3,00;1,00;8,00;0,00;1,00;3,00;0,00;0,00;4,00;0,00;0,00;1,00;0,00;0,00;2,00;4,00;4,00;0,00;2,00;2,00;0,00;0,00;3,00;0,00;0,00;0,00;0,00;0,00
2020-06-21;31,00;2,82;1,41;0,00;16,91;1,07;0,00;1,07;0,00;1,00;0,00;3,00;0,00;1,00;9,00;7,00;4,00;2,00;0,00;0,00;2,00;0,00;0,00;4,00;0,00;0,00;0,00;6,00;0,00;0,00;4,00;0,00;1,00;1,00;0,00;0,00;0,00;0,00;0,00;0,00
2020-06-28;63,00;0,00;0,00;0,00;15,75;5,43;0,00;2,17;0,00;1,00;0,00;6,00;0,00;3,00;9,00;2,00;6,00;3,00;0,00;0,00;1,00;1,00;0,00;1,00;0,00;1,00;0,00;6,00;4,00;0,00;1,00;0,00;1,00;1,00;0,00;0,00;0,00;0,00;0,00;0,00
2020-07-05;61,00;0,00;4,26;0,00;12,77;1,07;4,28;4,28;0,00;5,00;0,00;3,00;0,00;5,00;12,00;9,00;9,00;5,00;0,00;2,00;1,00;0,00;0,00;2,00;0,00;1,00;1,00;5,00;2,00;0,00;0,00;1,00;2,00;2,00;1,00;0,00;0,00;0,00;0,00;0,00
2020-07-12;60,00;0,00;1,43;1,43;15,71;5,36;0,00;4,29;0,00;3,00;1,00;16,00;1,00;8,00;9,00;7,00;3,00;1,00;0,00;1,00;1,00;0,00;0,00;6,00;0,00;0,00;0,00;1,00;7,00;1,00;3,00;2,00;2,00;1,00;0,00;0,00;0,00;0,00;0,00;0,00
2020-07-19;75,00;0,00;1,44;1,44;18,75;4,35;1,09;8,70;1,09;7,00;0,00;10,00;0,00;4,00;7,00;10,00;4,00;7,00;0,00;4,00;5,00;0,00;2,00;4,00;0,00;1,00;2,00;3,00;5,00;0,00;4,00;0,00;4,00;0,00;0,00;0,00;0,00;0,00;0,00;0,00
2020-07-26;58,00;0,00;4,24;1,41;12,73;1,07;2,15;2,15;0,00;4,00;1,00;12,00;2,00;4,00;10,00;8,00;6,00;11,00;0,00;0,00;2,00;0,00;1,00;4,00;1,00;1,00;1,00;3,00;4,00;0,00;2,00;0,00;0,00;2,00;0,00;0,00;0,00;0,00;0,00;0,00
2020-08-02;57,00;0,00;4,28;2,85;15,68;2,15;0,00;1,08;0,00;8,00;2,00;7,00;2,00;8,00;7,00;9,00;10,00;7,00;0,00;1,00;2,00;0,00;0,00;6,00;1,00;1,00;0,00;6,00;5,00;1,00;1,00;1,00;1,00;0,00;0,00;1,00;0,00;0,00;0,00;0,00
2020-08-09;49,00;1,40;2,80;2,80;12,60;7,46;3,20;4,26;1,07;0,00;0,00;8,00;1,00;1,00;6,00;2,00;10,00;12,00;1,00;2,00;3,00;0,00;0,00;2,00;1,00;0,00;0,00;3,00;9,00;0,00;4,00;0,00;1,00;2,00;0,00;1,00;0,00;0,00;0,00;0,00
2020-08-16;61,00;1,42;2,84;2,84;11,35;0,00;0,00;2,14;1,07;3,00;0,00;9,00;0,00;1,00;3,00;8,00;5,00;8,00;0,00;1,00;1,00;1,00;1,00;3,00;0,00;1,00;0,00;11,00;5,00;0,00;1,00;0,00;1,00;0,00;1,00;1,00;0,00;0,00;0,00;0,00
2020-08-23;50,00;0,00;1,43;0,00;15,71;1,06;2,13;5,32;0,00;3,00;0,00;9,00;1,00;11,00;4,00;1,00;1,00;5,00;0,00;0,00;1,00;1,00;0,00;1,00;0,00;1,00;1,00;0,00;4,00;0,00;4,00;0,00;0,00;2,00;0,00;0,00;0,00;0,00;0,00;0,00
2020-08-30;44,00;2,84;2,84;2,84;14,19;1,07;0,00;2,15;1,07;2,00;0,00;8,00;2,00;1,00;7,00;3,00;2,00;3,00;0,00;2,00;2,00;0,00;1,00;3,00;1,00;1,00;0,00;8,00;2,00;0,00;2,00;1,00;0,00;1,00;0,00;0,00;0,00;0,00;0,00;0,00
2020-09-06;46,00;1,44;2,88;2,88;8,63;2,14;1,07;5,35;1,07;4,00;1,00;14,00;1,00;4,00;13,00;8,00;4,00;6,00;0,00;0,00;7,00;0,00;0,00;1,00;1,00;0,00;1,00;3,00;6,00;0,00;4,00;2,00;1,00;1,00;1,00;1,00;0,00;0,00;0,00;0,00
2020-09-13;45,00;1,45;4,35;1,45;8,71;1,07;0,00;1,07;1,07;2,00;0,00;7,00;1,00;4,00;9,00;2,00;4,00;1,00;0,00;3,00;2,00;0,00;0,00;2,00;0,00;5,00;0,00;4,00;2,00;0,00;4,00;0,00;2,00;1,00;0,00;0,00;0,00;0,00;0,00;0,00
2020-09-20;53,00;4,30;0,00;1,43;10,03;2,16;2,16;5,41;0,00;4,00;1,00;9,00;0,00;1,00;10,00;6,00;5,00;4,00;0,00;1,00;3,00;0,00;0,00;3,00;0,00;1,00;0,00;4,00;5,00;0,00;2,00;0,00;1,00;1,00;0,00;0,00;0,00;0,00;0,00;0,00
2020-09-27;36,00;0,00;0,00;0,00;9,69;0,00;0,00;3,18;0,00;2,00;0,00;8,00;1,00;3,00;3,00;3,00;1,00;7,00;0,00;2,00;5,00;0,00;1,00;1,00;0,00;1,00;0,00;10,00;3,00;0,00;3,00;0,00;0,00;1,00;0,00;0,00;0,00;0,00;0,00;0,00
2020-10-04;55,00;1,41;1,41;1,41;4,23;1,06;1,06;3,17;0,00;3,00;1,00;12,00;0,00;3,00;7,00;7,00;0,00;3,00;0,00;2,00;4,00;0,00;1,00;3,00;0,00;3,00;0,00;7,00;3,00;0,00;3,00;0,00;0,00;0,00;0,00;0,00;0,00;0,00;0,00;0,00
2020-10-11;41,00;0,00;2,83;2,83;9,90;4,32;0,00;2,16;0,00;3,00;0,00;5,00;0,00;5,00;3,00;5,00;1,00;6,00;0,00;3,00;2,00;0,00;2,00;6,00;0,00;1,00;0,00;3,00;1,00;0,00;1,00;0,00;2,00;0,00;0,00;0,00;0,00;0,00;0,00;0,00
2020-10-18;37,00;2,85;2,85;2,85;7,12;4,23;0,00;3,17;2,11;2,00;0,00;2,00;0,00;3,00;4,00;0,00;7,00;4,00;0,00;1,00;0,00;1,00;1,00;3,00;0,00;0,00;1,00;6,00;2,00;0,00;1,00;0,00;1,00;2,00;0,00;1,00;0,00;0,00;0,00;0,00
2020-10-25;12,00;3,00;1,50;3,00;7,50;3,27;0,00;0,00;0,00;2,00;0,00;4,00;0,00;0,00;4,00;1,00;2,00;3,00;0,00;2,00;1,00;0,00;0,00;2,00;0,00;0,00;0,00;0,00;0,00;0,00;0,00;0,00;0,00;0,00;0,00;1,00;0,00;0,00;0,00;0,00
2020-11-01;12,00;0,00;1,50;1,50;13,50;2,18;0,00;0,00;0,00;0,00;0,00;3,00;0,00;2,00;2,00;2,00;1,00;0,00;0,00;0,00;0,00;1,00;0,00;3,00;0,00;1,00;0,00;3,00;1,00;0,00;0,00;0,00;0,00;0,00;0,00;1,00;0,00;0,00;0,00;0,00
2020-11-08;11,00;1,38;1,38;2,75;9,63;0,00;0,00;2,20;0,00;1,00;0,00;11,00;1,00;0,00;2,00;1,00;1,00;1,00;0,00;1,00;1,00;0,00;0,00;0,00;0,00;1,00;0,00;0,00;3,00;0,00;0,00;1,00;0,00;0,00;0,00;0,00;0,00;0,00;0,00;0,00
2020-11-15;11,00;1,38;2,75;1,38;2,75;3,30;1,10;0,00;0,00;3,00;0,00;4,00;1,00;2,00;2,00;2,00;2,00;3,00;0,00;0,00;1,00;0,00;1,00;2,00;0,00;0,00;0,00;1,00;1,00;0,00;0,00;0,00;2,00;0,00;0,00;0,00;0,00;0,00;0,00;0,00
2020-11-22;16,00;5,82;0,00;1,45;7,27;1,07;1,07;1,07;1,07;6,00;0,00;9,00;1,00;2,00;2,00;2,00;0,00;2,00;0,00;1,00;1,00;0,00;0,00;3,00;0,00;0,00;1,00;4,00;1,00;0,00;1,00;0,00;1,00;0,00;0,00;0,00;0,00;0,00;0,00;0,00
2020-11-29;12,00;3,00;4,50;3,00;25,50;2,18;0,00;1,09;0,00;1,00;0,00;5,00;0,00;3,00;3,00;6,00;5,00;5,00;0,00;2,00;1,00;1,00;0,00;1,00;1,00;0,00;1,00;3,00;5,00;0,00;2,00;0,00;0,00;1,00;0,00;0,00;0,00;0,00;0,00;0,00
2020-12-06;19,00;4,07;2,71;0,00;14,93;0,00;1,06;0,00;1,06;1,00;0,00;2,00;1,00;2,00;5,00;2,00;2,00;2,00;0,00;4,00;1,00;0,00;1,00;4,00;0,00;1,00;10,00;2,00;3,00;0,00;0,00;1,00;1,00;0,00;0,00;0,00;0,00;0,00;0,00;0,00
2020-12-13;22,00;2,75;0,00;0,00;6,88;1,05;0,00;1,05;1,05;4,00;1,00;1,00;4,00;1,00;2,00;6,00;6,00;7,00;0,00;7,00;0,00;0,00;1,00;2,00;0,00;0,00;21,00;6,00;3,00;1,00;0,00;1,00;0,00;0,00;0,00;0,00;0,00;0,00;0,00;0,00
2020-12-20;31,00;7,38;1,48;0,00;32,48;4,28;5,34;2,14;0,00;4,00;0,00;10,00;0,00;3,00;1,00;3,00;5,00;4,00;0,00;5,00;0,00;0,00;0,00;1,00;0,00;1,00;5,00;5,00;1,00;0,00;0,00;0,00;3,00;0,00;0,00;0,00;0,00;0,00;0,00;0,00
2020-12-27;42,00;4,34;2,90;2,90;15,93;2,15;2,15;6,46;1,08;9,00;4,00;9,00;0,00;6,00;1,00;13,00;4,00;9,00;0,00;4,00;4,00;1,00;0,00;3,00;0,00;4,00;1,00;11,00;3,00;0,00;1,00;0,00;0,00;0,00;0,00;0,00;0,00;0,00;0,00;0,00
2021-01-03;25,00;2,78;2,78;2,78;5,56;0,00;0,00;2,08;0,00;3,00;2,00;21,00;3,00;7,00;2,00;5,00;2,00;4,00;0,00;0,00;2,00;0,00;0,00;0,00;0,00;1,00;1,00;12,00;3,00;0,00;1,00;1,00;5,00;0,00;1,00;0,00;0,00;0,00;0,00;0,00
2021-01-10;23,00;2,88;2,88;0,00;11,50;1,10;0,00;2,19;0,00;5,00;0,00;19,00;90,00;9,00;0,00;2,00;3,00;2,00;0,00;0,00;0,00;3,00;0,00;4,00;0,00;0,00;1,00;3,00;7,00;0,00;1,00;0,00;1,00;0,00;0,00;0,00;0,00;0,00;0,00;0,00
2021-01-17;23,00;0,00;1,44;0,00;20,13;2,19;2,19;6,57;0,00;3,00;3,00;8,00;46,00;5,00;4,00;4,00;5,00;3,00;0,00;2,00;1,00;1,00;1,00;1,00;1,00;0,00;0,00;2,00;16,00;0,00;1,00;0,00;1,00;0,00;0,00;0,00;0,00;0,00;0,00;0,00
2021-01-24;65,00;2,83;1,41;1,41;7,07;2,13;1,07;3,20;2,13;6,00;1,00;9,00;3,00;3,00;3,00;6,00;3,00;4,00;0,00;1,00;2,00;2,00;0,00;0,00;0,00;1,00;3,00;9,00;11,00;0,00;2,00;1,00;0,00;0,00;0,00;1,00;0,00;0,00;0,00;0,00
2021-01-31;47,00;0,00;2,85;1,42;12,82;0,00;1,07;1,07;0,00;3,00;0,00;3,00;0,00;2,00;2,00;5,00;2,00;3,00;0,00;3,00;2,00;0,00;0,00;4,00;0,00;1,00;0,00;3,00;1,00;0,00;9,00;0,00;0,00;2,00;0,00;0,00;0,00;0,00;0,00;0,00
2021-02-07;12,00;1,50;3,00;0,00;7,50;0,00;1,09;3,27;0,00;3,00;0,00;1,00;1,00;3,00;3,00;1,00;3,00;4,00;0,00;8,00;1,00;1,00;0,00;3,00;0,00;2,00;0,00;6,00;3,00;0,00;1,00;1,00;2,00;0,00;1,00;0,00;0,00;0,00;0,00;1,00
2021-02-14;15,00;3,00;0,00;0,00;4,50;1,07;2,14;2,14;1,07;7,00;1,00;4,00;1,00;3,00;0,00;0,00;2,00;6,00;0,00;2,00;0,00;3,00;1,00;2,00;0,00;1,00;1,00;2,00;0,00;0,00;3,00;0,00;0,00;0,00;0,00;0,00;0,00;0,00;0,00;0,00
2021-02-21;15,00;3,00;3,00;0,00;9,00;6,43;1,07;2,14;1,07;3,00;0,00;0,00;3,00;2,00;1,00;4,00;1,00;2,00;1,00;6,00;3,00;1,00;0,00;2,00;0,00;2,00;0,00;2,00;2,00;0,00;0,00;1,00;0,00;0,00;1,00;0,00;0,00;0,00;0,00;0,00
2021-02-28;17,00;0,00;1,42;1,42;11,33;2,27;0,00;82,73;0,00;4,00;0,00;7,00;1,00;8,00;2,00;1,00;3,00;2,00;0,00;0,00;0,00;3,00;1,00;0,00;0,00;0,00;2,00;3,00;0,00;0,00;0,00;1,00;2,00;0,00;0,00;0,00;0,00;0,00;0,00;0,00
2021-03-07;13,00;1,44;2,89;0,00;11,56;0,00;0,00;28,17;0,00;2,00;0,00;10,00;1,00;1,00;1,00;2,00;4,00;2,00;0,00;0,00;0,00;0,00;0,00;1,00;0,00;0,00;0,00;1,00;0,00;0,00;0,00;0,00;0,00;1,00;0,00;0,00;0,00;0,00;0,00;0,00
2021-03-14;9,00;1,29;0,00;1,29;5,14;0,00;0,00;4,00;0,00;4,00;0,00;4,00;2,00;1,00;0,00;4,00;1,00;1,00;0,00;0,00;2,00;0,00;1,00;3,00;0,00;0,00;2,00;2,00;3,00;0,00;0,00;0,00;0,00;0,00;0,00;0,00;0,00;0,00;0,00;0,00
2021-03-21;20,00;1,43;0,00;1,43;1,43;1,11;0,00;2,22;0,00;2,00;1,00;2,00;0,00;2,00;0,00;1,00;0,00;3,00;0,00;2,00;0,00;0,00;0,00;1,00;0,00;1,00;0,00;4,00;0,00;0,00;0,00;0,00;0,00;0,00;1,00;0,00;0,00;0,00;0,00;0,00
2021-03-28;11,00;1,38;0,00;0,00;4,13;0,00;0,00;0,00;0,00;1,00;0,00;6,00;1,00;4,00;5,00;1,00;4,00;4,00;0,00;1,00;0,00;0,00;0,00;4,00;0,00;0,00;1,00;1,00;1,00;0,00;1,00;0,00;0,00;1,00;1,00;0,00;0,00;0,00;0,00;0,00
2021-04-04;12,00;0,00;1,50;1,50;3,00;0,00;0,00;1,09;0,00;0,00;0,00;4,00;0,00;0,00;3,00;0,00;2,00;2,00;0,00;1,00;0,00;1,00;0,00;1,00;0,00;0,00;0,00;2,00;0,00;1,00;1,00;0,00;0,00;1,00;0,00;0,00;0,00;0,00;0,00;0,00
2021-04-11;14,00;0,00;1,40;2,80;2,80;1,08;0,00;0,00;0,00;0,00;0,00;1,00;0,00;2,00;3,00;1,00;1,00;1,00;0,00;1,00;1,00;0,00;0,00;0,00;0,00;1,00;0,00;3,00;0,00;0,00;1,00;0,00;0,00;1,00;0,00;0,00;0,00;0,00;0,00;0,00
2021-04-18;8,00;0,00;1,33;0,00;4,00;2,29;0,00;0,00;0,00;0,00;2,00;2,00;1,00;0,00;6,00;3,00;1,00;0,00;0,00;0,00;0,00;0,00;0,00;1,00;0,00;1,00;0,00;2,00;0,00;0,00;2,00;0,00;0,00;0,00;0,00;0,00;0,00;0,00;0,00;0,00
2021-04-25;9,00;0,00;1,50;1,50;7,50;0,00;0,00;0,00;0,00;2,00;0,00;0,00;3,00;2,00;2,00;2,00;0,00;4,00;0,00;3,00;0,00;0,00;0,00;2,00;0,00;1,00;0,00;1,00;0,00;0,00;1,00;1,00;0,00;1,00;0,00;0,00;0,00;0,00;0,00;0,00
2021-05-02;13,00;0,00;0,00;0,00;2,89;0,00;1,08;0,00;0,00;2,00;1,00;1,00;0,00;3,00;2,00;0,00;0,00;0,00;0,00;2,00;1,00;0,00;0,00;0,00;1,00;1,00;0,00;0,00;0,00;0,00;1,00;0,00;0,00;1,00;0,00;0,00;0,00;0,00;0,00;0,00
2021-05-09;10,00;0,00;0,00;0,00;7,14;0,00;0,00;1,00;0,00;1,00;0,00;1,00;0,00;1,00;5,00;1,00;1,00;1,00;0,00;0,00;2,00;1,00;1,00;1,00;0,00;1,00;0,00;2,00;2,00;0,00;0,00;0,00;0,00;0,00;0,00;0,00;0,00;0,00;0,00;0,00
2021-05-16;24,00;1,41;2,82;0,00;4,24;1,09;0,00;1,09;1,09;0,00;1,00;3,00;0,00;4,00;4,00;2,00;1,00;1,00;0,00;1,00;0,00;0,00;3,00;3,00;0,00;0,00;1,00;0,00;5,00;0,00;1,00;0,00;2,00;0,00;0,00;0,00;0,00;0,00;0,00;0,00
2021-05-23;25,00;1,39;2,78;0,00;2,78;2,08;0,00;2,08;0,00;0,00;0,00;5,00;0,00;3,00;7,00;1,00;5,00;6,00;0,00;1,00;3,00;0,00;0,00;0,00;0,00;1,00;1,00;1,00;1,00;0,00;3,00;1,00;2,00;0,00;0,00;0,00;0,00;0,00;0,00;0,00
2021-05-30;18,00;0,00;2,77;0,00;4,15;2,12;0,00;0,00;0,00;0,00;0,00;2,00;0,00;2,00;8,00;6,00;3,00;3,00;0,00;0,00;1,00;0,00;0,00;0,00;0,00;1,00;1,00;4,00;2,00;0,00;2,00;1,00;0,00;1,00;0,00;0,00;0,00;0,00;0,00;0,00
2021-06-06;19,00;2,92;5,85;0,00;2,92;1,06;0,00;5,28;0,00;1,00;1,00;4,00;0,00;0,00;3,00;2,00;3,00;1,00;0,00;0,00;1,00;0,00;0,00;2,00;0,00;0,00;0,00;3,00;2,00;0,00;2,00;1,00;0,00;1,00;0,00;0,00;0,00;0,00;0,00;0,00
2021-06-13;21,00;1,50;1,50;0,00;4,50;2,21;0,00;1,11;1,11;1,00;0,00;6,00;1,00;3,00;3,00;2,00;7,00;3,00;0,00;1,00;1,00;0,00;0,00;3,00;0,00;0,00;1,00;2,00;0,00;0,00;0,00;0,00;1,00;0,00;0,00;0,00;0,00;0,00;0,00;0,00
2021-06-20;30,00;0,00;2,86;1,43;2,86;2,14;1,07;4,29;0,00;4,00;0,00;8,00;0,00;3,00;9,00;2,00;1,00;1,00;0,00;0,00;2,00;0,00;1,00;2,00;0,00;0,00;0,00;1,00;2,00;0,00;1,00;1,00;0,00;0,00;0,00;0,00;0,00;0,00;0,00;0,00
2021-06-27;29,00;2,76;2,76;2,76;2,76;1,07;0,00;3,22;0,00;0,00;1,00;4,00;1,00;1,00;7,00;3,00;0,00;6,00;0,00;0,00;2,00;0,00;0,00;0,00;0,00;1,00;0,00;2,00;1,00;0,00;0,00;2,00;1,00;1,00;1,00;0,00;0,00;0,00;0,00;0,00
2021-07-04;34,00;2,83;2,83;2,83;5,67;12,75;2,13;1,06;0,00;0,00;0,00;6,00;1,00;5,00;9,00;5,00;6,00;33,00;0,00;0,00;1,00;0,00;0,00;8,00;0,00;1,00;0,00;2,00;1,00;0,00;4,00;1,00;0,00;2,00;0,00;1,00;0,00;0,00;0,00;0,00
2021-07-11;48,00;0,00;1,41;1,41;11,29;0,00;1,07;2,13;0,00;4,00;1,00;11,00;1,00;6,00;4,00;4,00;5,00;5,00;0,00;0,00;5,00;0,00;0,00;2,00;0,00;0,00;0,00;2,00;0,00;2,00;4,00;0,00;0,00;2,00;0,00;0,00;0,00;0,00;0,00;0,00
2021-07-18;49,00;0,00;2,80;2,80;12,60;0,00;1,07;4,26;1,07;4,00;1,00;11,00;1,00;7,00;3,00;4,00;8,00;9,00;0,00;1,00;5,00;0,00;1,00;7,00;1,00;0,00;0,00;4,00;3,00;0,00;4,00;0,00;1,00;0,00;0,00;0,00;0,00;0,00;1,00;0,00
2021-07-25;56,00;1,44;1,44;0,00;15,79;2,15;0,00;5,38;0,00;1,00;1,00;16,00;3,00;1,00;13,00;6,00;1,00;3,00;0,00;0,00;4,00;0,00;0,00;3,00;0,00;0,00;3,00;1,00;3,00;0,00;1,00;0,00;0,00;0,00;0,00;0,00;0,00;0,00;0,00;0,00
2021-08-01;48,00;1,41;1,41;0,00;9,88;7,47;0,00;1,07;0,00;1,00;0,00;8,00;0,00;4,00;8,00;6,00;5,00;1,00;0,00;0,00;4,00;0,00;0,00;1,00;0,00;1,00;0,00;5,00;1,00;0,00;0,00;1,00;0,00;1,00;0,00;0,00;0,00;0,00;0,00;0,00
2021-08-08;50,00;0,00;1,43;1,43;17,14;1,09;1,09;4,35;0,00;4,00;0,00;12,00;0,00;3,00;3,00;6,00;3,00;8,00;0,00;0,00;4,00;1,00;0,00;3,00;0,00;0,00;0,00;3,00;6,00;0,00;3,00;1,00;0,00;0,00;1,00;0,00;0,00;0,00;0,00;0,00
2021-08-15;55,00;0,00;4,23;0,00;4,23;2,16;0,00;2,16;0,00;2,00;0,00;9,00;0,00;4,00;10,00;6,00;0,00;2,00;0,00;0,00;1,00;0,00;0,00;1,00;1,00;1,00;1,00;7,00;1,00;0,00;2,00;1,00;1,00;0,00;0,00;0,00;0,00;0,00;0,00;0,00
2021-08-22;71,00;0,00;4,26;0,00;5,68;0,00;0,00;1,06;0,00;1,00;1,00;8,00;1,00;8,00;8,00;11,00;3,00;8,00;0,00;1,00;1,00;0,00;0,00;5,00;1,00;3,00;3,00;4,00;3,00;0,00;4,00;0,00;1,00;1,00;0,00;1,00;0,00;0,00;0,00;0,00
2021-08-29;48,00;0,00;0,00;1,41;5,65;1,07;0,00;1,07;0,00;2,00;0,00;4,00;0,00;2,00;4,00;7,00;2,00;0,00;0,00;1,00;4,00;0,00;0,00;5,00;0,00;0,00;0,00;2,00;5,00;0,00;2,00;0,00;1,00;0,00;0,00;0,00;0,00;0,00;0,00;0,00
2021-09-05;31,00;1,41;1,41;1,41;12,68;1,07;0,00;2,14;0,00;0,00;0,00;7,00;1,00;2,00;9,00;2,00;5,00;5,00;0,00;0,00;4,00;0,00;0,00;4,00;0,00;1,00;0,00;6,00;2,00;0,00;2,00;0,00;0,00;0,00;0,00;0,00;0,00;0,00;0,00;0,00
2021-09-12;37,00;0,00;0,00;2,85;12,81;2,18;0,00;2,18;0,00;0,00;0,00;6,00;1,00;0,00;4,00;6,00;4,00;2,00;0,00;2,00;6,00;0,00;1,00;5,00;0,00;0,00;0,00;1,00;2,00;0,00;2,00;1,00;0,00;0,00;0,00;0,00;0,00;0,00;0,00;0,00
2021-09-19;27,00;0,00;2,84;0,00;9,95;2,08;0,00;2,08;0,00;6,00;0,00;7,00;1,00;2,00;7,00;6,00;1,00;2,00;0,00;0,00;2,00;1,00;1,00;2,00;0,00;1,00;0,00;6,00;2,00;1,00;0,00;0,00;0,00;0,00;0,00;0,00;0,00;0,00;0,00;0,00
2021-09-26;36,00;0,00;4,15;1,38;8,31;2,12;0,00;2,12;0,00;1,00;0,00;7,00;0,00;4,00;1,00;4,00;4,00;0,00;0,00;2,00;4,00;1,00;0,00;1,00;0,00;1,00;0,00;8,00;2,00;0,00;1,00;0,00;2,00;1,00;0,00;0,00;0,00;0,00;0,00;0,00
2021-10-03;39,00;4,18;1,39;0,00;12,54;3,16;0,00;3,16;0,00;2,00;0,00;6,00;1,00;5,00;5,00;4,00;0,00;4,00;0,00;0,00;0,00;0,00;0,00;1,00;0,00;4,00;0,00;7,00;6,00;0,00;4,00;1,00;1,00;1,00;0,00;0,00;0,00;0,00;0,00;0,00
2021-10-10;43,00;2,87;2,87;0,00;11,47;1,08;0,00;2,15;1,08;3,00;0,00;12,00;1,00;6,00;12,00;5,00;3,00;5,00;0,00;1,00;4,00;1,00;0,00;3,00;0,00;4,00;1,00;1,00;8,00;0,00;3,00;3,00;1,00;0,00;0,00;0,00;0,00;0,00;0,00;0,00
2021-10-17;52,00;0,00;1,41;1,41;14,05;1,06;0,00;1,06;1,06;2,00;0,00;12,00;1,00;5,00;2,00;2,00;5,00;4,00;0,00;1,00;0,00;0,00;0,00;0,00;0,00;2,00;1,00;2,00;2,00;0,00;1,00;0,00;2,00;0,00;0,00;0,00;0,00;0,00;0,00;0,00
2021-10-24;44,00;2,84;2,84;1,42;8,52;1,07;0,00;0,00;1,07;6,00;0,00;11,00;2,00;2,00;2,00;6,00;2,00;2,00;1,00;1,00;2,00;0,00;1,00;1,00;1,00;1,00;1,00;5,00;0,00;0,00;0,00;0,00;2,00;1,00;0,00;1,00;0,00;0,00;0,00;0,00
2021-10-31;37,00;1,42;2,85;1,42;12,81;0,00;0,00;1,06;3,17;2,00;0,00;11,00;1,00;5,00;5,00;6,00;4,00;4,00;1,00;4,00;1,00;1,00;0,00;1,00;0,00;2,00;2,00;6,00;4,00;0,00;4,00;0,00;0,00;1,00;0,00;0,00;1,00;0,00;0,00;0,00
2021-11-07;43,00;0,00;1,43;0,00;8,60;7,53;1,08;0,00;1,08;4,00;1,00;6,00;0,00;6,00;2,00;5,00;4,00;1,00;0,00;2,00;2,00;0,00;0,00;2,00;0,00;1,00;2,00;11,00;1,00;0,00;0,00;0,00;1,00;0,00;0,00;0,00;0,00;0,00;0,00;0,00
2021-11-14;36,00;7,20;5,76;0,00;14,40;1,06;0,00;1,06;1,06;7,00;0,00;13,00;0,00;1,00;0,00;2,00;1,00;4,00;0,00;2,00;0,00;0,00;0,00;1,00;0,00;2,00;1,00;6,00;2,00;0,00;1,00;1,00;0,00;0,00;1,00;0,00;0,00;0,00;0,00;0,00
2021-11-21;29,00;10,15;2,90;0,00;8,70;2,15;3,22;2,15;2,15;3,00;1,00;7,00;0,00;7,00;0,00;3,00;0,00;5,00;1,00;3,00;0,00;2,00;1,00;0,00;0,00;0,00;1,00;6,00;6,00;0,00;2,00;0,00;3,00;0,00;0,00;0,00;0,00;0,00;0,00;0,00
2021-11-28;35,00;4,38;0,00;1,46;10,21;2,19;0,00;1,09;2,19;6,00;0,00;2,00;0,00;1,00;0,00;7,00;7,00;3,00;0,00;5,00;1,00;1,00;1,00;2,00;0,00;3,00;2,00;11,00;1,00;0,00;2,00;2,00;0,00;0,00;1,00;0,00;0,00;0,00;0,00;0,00
2021-12-05;46,00;11,50;4,31;1,44;10,06;5,35;2,14;0,00;2,14;15,00;0,00;14,00;1,00;9,00;0,00;5,00;2,00;7,00;1,00;5,00;1,00;4,00;1,00;2,00;0,00;2,00;7,00;9,00;1,00;0,00;2,00;0,00;2,00;0,00;0,00;0,00;0,00;0,00;0,00;0,00
2021-12-12;35,00;11,20;1,40;0,00;14,00;4,24;1,06;1,06;2,12;14,00;0,00;12,00;0,00;11,00;8,00;12,00;10,00;13,00;0,00;5,00;0,00;2,00;0,00;2,00;0,00;4,00;2,00;24,00;2,00;0,00;1,00;0,00;2,00;1,00;1,00;0,00;0,00;0,00;0,00;0,00
2021-12-19;41,00;4,24;2,83;0,00;16,97;1,08;1,08;3,24;1,08;8,00;1,00;10,00;0,00;7,00;6,00;8,00;8,00;10,00;0,00;18,00;3,00;4,00;1,00;3,00;0,00;4,00;8,00;20,00;3,00;0,00;1,00;0,00;3,00;0,00;1,00;0,00;0,00;0,00;1,00;0,00
2021-12-26;82,00;12,95;4,32;2,88;25,89;7,55;3,24;3,24;0,00;18,00;3,00;22,00;0,00;10,00;6,00;13,00;7,00;19,00;0,00;9,00;7,00;4,00;1,00;12,00;0,00;6,00;6,00;22,00;6,00;0,00;3,00;0,00;0,00;0,00;0,00;0,00;0,00;0,00;0,00;0,00
2022-01-02;50,00;15,71;5,71;5,71;17,14;4,35;5,43;2,17;5,43;15,00;1,00;14,00;1,00;8,00;5,00;6,00;5,00;11,00;0,00;10,00;0,00;0,00;1,00;10,00;0,00;1,00;1,00;20,00;6,00;1,00;3,00;0,00;6,00;1,00;0,00;0,00;0,00;0,00;0,00;0,00
2022-01-09;47,00;8,55;5,70;2,85;17,09;3,20;1,07;0,00;1,07;15,00;0,00;11,00;5,00;6,00;5,00;7,00;6,00;9,00;0,00;6,00;0,00;0,00;1,00;7,00;2,00;4,00;2,00;22,00;5,00;0,00;4,00;5,00;4,00;2,00;1,00;0,00;1,00;0,00;0,00;0,00
2022-01-16;60,00;5,71;5,71;0,00;17,14;3,21;1,07;3,21;3,21;17,00;1,00;9,00;0,00;12,00;2,00;12,00;7,00;21,00;1,00;10,00;2,00;2,00;0,00;5,00;0,00;4,00;4,00;18,00;18,00;0,00;4,00;1,00;2,00;2,00;0,00;0,00;0,00;0,00;0,00;0,00
2022-01-23;53,00;8,59;10,03;1,43;21,49;6,49;0,00;6,49;3,24;17,00;1,00;15,00;1,00;10,00;4,00;13,00;10,00;13,00;0,00;9,00;1,00;0,00;1,00;5,00;0,00;4,00;5,00;26,00;17,00;1,00;5,00;4,00;1,00;4,00;1,00;0,00;0,00;0,00;0,00;0,00
2022-01-30;62,00;15,50;5,64;4,23;28,18;2,14;0,00;5,34;0,00;18,00;3,00;21,00;4,00;10,00;1,00;13,00;6,00;19,00;0,00;9,00;3,00;0,00;1,00;3,00;1,00;4,00;1,00;20,00;6,00;0,00;1,00;1,00;0,00;0,00;1,00;1,00;0,00;0,00;0,00;0,00
2022-02-06;57,00;9,98;4,28;1,43;18,53;6,33;0,00;4,22;1,06;22,00;4,00;17,00;1,00;12,00;4,00;8,00;8,00;14,00;1,00;9,00;4,00;3,00;0,00;5,00;1,00;5,00;5,00;18,00;6,00;0,00;0,00;4,00;3,00;0,00;0,00;0,00;0,00;0,00;0,00;0,00
2022-02-13;76,00;11,47;7,17;4,30;30,11;2,14;1,07;1,07;4,28;15,00;3,00;17,00;1,00;15,00;0,00;14,00;6,00;13,00;0,00;5,00;5,00;1,00;5,00;10,00;0,00;5,00;3,00;17,00;0,00;0,00;3,00;1,00;1,00;1,00;0,00;0,00;0,00;0,00;0,00;0,00
2022-02-20;54,00;5,68;5,68;1,42;28,42;5,29;0,00;4,24;5,29;5,00;1,00;10,00;0,00;8,00;5,00;6,00;10,00;11,00;0,00;13,00;0,00;3,00;0,00;5,00;0,00;6,00;4,00;14,00;4,00;0,00;3,00;1,00;0,00;0,00;0,00;0,00;0,00;0,00;0,00;0,00
2022-02-27;36,00;1,44;4,32;0,00;14,40;4,36;0,00;1,09;0,00;13,00;0,00;9,00;1,00;12,00;1,00;4,00;3,00;15,00;1,00;4,00;0,00;1,00;1,00;9,00;1,00;1,00;4,00;10,00;3,00;1,00;1,00;3,00;4,00;1,00;0,00;1,00;0,00;0,00;0,00;0,00
