Semaine;London (GB);Paris (FR);Amsterdam (NL);Roma (IT);Lille (FR);Lisbon (PT);Prague (CZ);Berlin (DE);Milano (IT);stanbul (TR);Budapest (HU);Venezia (IT);Wien (AT);Strasbourg (FR);Athens (GR);Dublin (IE);Lyon (FR);Frankfurt am Main (DE);Marseille (FR);München (DE);Stockholm (SE);Copenhagen (DK);Bordeaux (FR);Genève (CH);Tours (FR);Hamburg (DE);Toulouse (FR);Montpellier (FR);Nantes (FR);Avignon (FR);Monaco (MC);Dijon (FR);Aix en Provence (FR)
2019-01-06;95,00;54,45;24,33;64,35;0,77;15,32;33,00;21,00;16,00;19,00;25,00;24,00;26,00;2,00;4,00;18,00;2,00;8,00;3,00;8,00;7,00;4,00;3,00;3,00;1,00;4,00;3,00;0,50;1,00;0,50;1,00;0,00;0,50
2019-01-13;90,00;60,00;21,92;63,62;0,78;13,97;32,00;21,00;18,00;19,00;25,00;26,00;26,00;2,00;5,00;19,00;3,00;7,00;3,00;6,00;7,00;5,00;4,00;3,00;1,00;6,00;2,00;1,00;2,00;0,50;1,00;0,50;0,50
2019-01-20;77,00;49,42;19,54;61,60;0,77;12,32;29,00;20,00;17,00;17,00;21,00;24,00;20,00;1,00;5,00;16,00;3,00;6,00;3,00;6,00;8,00;4,00;4,00;3,00;1,00;4,00;3,00;1,00;2,00;0,50;1,00;0,00;0,50
2019-01-27;87,00;55,68;20,88;46,61;0,78;15,54;25,00;20,00;12,00;17,00;21,00;20,00;23,00;1,00;4,00;18,00;2,00;7,00;2,00;7,00;7,00;4,00;3,00;2,00;1,00;3,00;3,00;1,00;1,00;1,00;1,00;0,00;0,50
2019-02-03;91,00;58,75;19,58;41,64;0,77;15,42;32,00;24,00;10,00;21,00;23,00;18,00;22,00;2,00;5,00;17,00;2,00;7,00;3,00;7,00;9,00;3,00;2,00;2,00;0,50;6,00;3,00;1,00;2,00;0,50;1,00;0,50;0,50
2019-02-10;79,00;59,25;18,59;40,27;0,77;15,49;26,00;21,00;13,00;20,00;23,00;21,00;25,00;2,00;5,00;19,00;3,00;6,00;3,00;7,00;7,00;4,00;3,00;2,00;1,00;4,00;2,00;1,00;2,00;0,50;1,00;0,00;0,50
2019-02-17;74,00;60,13;18,50;38,54;0,77;16,96;24,00;21,00;14,00;20,00;19,00;19,00;23,00;2,00;5,00;19,00;13,00;6,00;3,00;6,00;7,00;3,00;3,00;2,00;1,00;4,00;3,00;1,00;2,00;1,00;1,00;0,00;0,50
2019-02-24;78,00;53,55;17,46;39,00;0,78;17,16;27,00;19,00;13,00;18,00;21,00;18,00;23,00;2,00;5,00;19,00;2,00;6,00;2,00;6,00;10,00;3,00;3,00;1,00;1,00;4,00;3,00;1,00;2,00;1,00;1,00;0,00;0,50
2019-03-03;75,00;55,38;19,62;39,80;0,77;12,24;24,00;19,00;11,00;21,00;21,00;19,00;23,00;2,00;5,00;19,00;3,00;7,00;3,00;6,00;8,00;4,00;3,00;1,00;1,00;4,00;3,00;1,00;2,00;1,00;1,00;0,50;0,50
2019-03-10;77,00;58,61;19,54;36,96;0,77;15,40;27,00;19,00;12,00;22,00;19,00;20,00;24,00;2,00;4,00;21,00;4,00;8,00;3,00;7,00;10,00;4,00;3,00;2,00;1,00;5,00;3,00;1,00;2,00;1,00;1,00;0,50;0,50
2019-03-17;73,00;63,73;17,38;37,28;0,78;15,53;21,00;23,00;13,00;21,00;20,00;20,00;25,00;2,00;5,00;19,00;3,00;7,00;3,00;8,00;8,00;4,00;3,00;1,00;0,50;3,00;2,00;1,00;2,00;1,00;1,00;0,50;0,50
2019-03-24;78,00;53,91;18,35;36,71;0,76;18,35;24,00;22,00;12,00;22,00;19,00;17,00;23,00;2,00;6,00;16,00;3,00;8,00;3,00;8,00;7,00;4,00;3,00;1,00;1,00;5,00;2,00;1,00;2,00;1,00;2,00;0,50;0,50
2019-03-31;70,00;50,49;13,77;57,56;0,78;20,22;31,00;20,00;16,00;23,00;22,00;23,00;20,00;2,00;7,00;18,00;2,00;6,00;3,00;7,00;9,00;5,00;5,00;3,00;1,00;4,00;3,00;1,00;2,00;0,50;2,00;0,50;0,50
2019-04-07;75,00;54,23;17,31;57,81;1,56;20,31;31,00;18,00;16,00;22,00;25,00;21,00;19,00;3,00;5,00;17,00;2,00;6,00;4,00;7,00;8,00;4,00;5,00;4,00;1,00;3,00;4,00;2,00;2,00;1,00;2,00;0,50;0,50
2019-04-14;73,00;115,87;12,75;62,13;1,55;26,40;29,00;18,00;15,00;22,00;21,00;21,00;20,00;2,00;5,00;19,00;3,00;8,00;4,00;7,00;9,00;4,00;7,00;4,00;2,00;5,00;5,00;1,00;3,00;1,00;2,00;0,50;0,50
2019-04-21;65,00;49,91;15,09;52,62;0,77;15,48;27,00;16,00;14,00;20,00;18,00;21,00;17,00;2,00;6,00;16,00;3,00;7,00;4,00;7,00;8,00;3,00;6,00;3,00;2,00;4,00;3,00;1,00;2,00;1,00;1,00;0,00;1,00
2019-04-28;64,00;45,38;12,80;43,71;0,78;18,73;25,00;18,00;13,00;18,00;25,00;20,00;17,00;1,00;5,00;14,00;2,00;6,00;3,00;6,00;7,00;3,00;4,00;3,00;1,00;4,00;3,00;1,00;2,00;0,50;1,00;0,50;0,50
2019-05-05;68,00;58,78;14,98;47,91;0,77;18,55;25,00;18,00;16,00;21,00;16,00;22,00;18,00;2,00;6,00;16,00;3,00;7,00;3,00;7,00;6,00;2,00;5,00;4,00;1,00;4,00;2,00;1,00;3,00;1,00;1,00;0,50;0,50
2019-05-12;59,00;47,43;13,88;128,87;0,78;17,08;24,00;17,00;14,00;21,00;19,00;20,00;18,00;2,00;7,00;15,00;3,00;7,00;3,00;9,00;9,00;3,00;5,00;3,00;2,00;3,00;4,00;1,00;2,00;1,00;1,00;0,00;0,50
2019-05-19;57,00;46,53;15,12;73,95;0,77;13,86;25,00;14,00;13,00;18,00;19,00;24,00;17,00;2,00;6,00;15,00;4,00;8,00;4,00;6,00;9,00;4,00;5,00;3,00;1,00;4,00;3,00;1,00;3,00;1,00;2,00;0,50;1,00
2019-05-26;60,00;45,00;12,69;47,69;0,77;15,38;24,00;16,00;13,00;18,00;22,00;20,00;15,00;2,00;6,00;16,00;3,00;5,00;2,00;8,00;6,00;3,00;4,00;3,00;2,00;3,00;3,00;2,00;2,00;0,50;2,00;0,50;0,50
2019-06-02;68,00;55,32;16,14;47,91;0,77;17,00;26,00;18,00;14,00;18,00;20,00;35,00;16,00;4,00;8,00;17,00;3,00;7,00;4,00;7,00;9,00;4,00;6,00;3,00;1,00;4,00;5,00;2,00;3,00;1,00;2,00;0,50;0,50
2019-06-09;68,00;47,25;16,14;49,45;0,77;15,45;27,00;20,00;16,00;20,00;20,00;24,00;20,00;5,00;8,00;18,00;4,00;7,00;5,00;7,00;9,00;3,00;5,00;4,00;1,00;4,00;4,00;2,00;3,00;1,00;2,00;0,50;1,00
2019-06-16;71,00;50,39;16,03;43,22;1,54;16,98;29,00;17,00;14,00;21,00;24,00;23,00;18,00;4,00;7,00;17,00;3,00;7,00;4,00;8,00;8,00;4,00;6,00;3,00;2,00;4,00;4,00;1,00;3,00;1,00;2,00;0,50;0,50
2019-06-23;69,00;51,46;16,37;46,00;0,77;21,47;24,00;20,00;17,00;22,00;21,00;22,00;19,00;3,00;7,00;20,00;3,00;9,00;4,00;8,00;9,00;4,00;6,00;2,00;2,00;3,00;3,00;1,00;4,00;1,00;2,00;0,50;0,50
2019-06-30;67,00;50,83;19,64;46,74;0,78;20,26;29,00;23,00;13,00;20,00;22,00;23,00;21,00;4,00;6,00;23,00;4,00;7,00;4,00;8,00;9,00;5,00;6,00;3,00;2,00;5,00;3,00;2,00;3,00;1,00;2,00;0,50;1,00
2019-07-07;70,00;52,79;17,21;45,11;1,56;20,22;34,00;21,00;16,00;21,00;25,00;26,00;22,00;3,00;7,00;18,00;3,00;8,00;5,00;8,00;10,00;5,00;6,00;3,00;2,00;6,00;4,00;2,00;3,00;1,00;2,00;0,50;0,50
2019-07-14;69,00;60,95;19,55;46,00;0,77;23,00;33,00;21,00;18,00;20,00;25,00;26,00;23,00;2,00;9,00;22,00;4,00;9,00;5,00;10,00;11,00;4,00;7,00;3,00;3,00;4,00;5,00;1,00;4,00;1,00;2,00;0,50;1,00
2019-07-21;81,00;63,64;19,67;47,38;1,53;22,92;36,00;23,00;18,00;23,00;26,00;24,00;22,00;3,00;8,00;22,00;3,00;10,00;5,00;10,00;12,00;4,00;8,00;3,00;3,00;5,00;4,00;2,00;3,00;1,00;2,00;0,50;1,00
2019-07-28;82,00;65,83;21,94;47,96;1,55;24,75;35,00;25,00;17,00;25,00;29,00;26,00;25,00;3,00;8,00;22,00;3,00;10,00;5,00;10,00;15,00;5,00;9,00;3,00;2,00;5,00;6,00;2,00;3,00;1,00;3,00;0,50;1,00
2019-08-04;84,00;64,17;19,83;54,44;1,56;26,44;42,00;23,00;15,00;24,00;33,00;28,00;28,00;3,00;7,00;25,00;4,00;9,00;7,00;10,00;16,00;5,00;10,00;4,00;2,00;4,00;5,00;3,00;4,00;1,00;3,00;0,50;1,00
2019-08-11;79,00;66,22;17,43;68,16;0,77;24,78;38,00;22,00;16,00;24,00;30,00;24,00;26,00;3,00;7,00;22,00;4,00;10,00;7,00;8,00;12,00;5,00;9,00;3,00;2,00;4,00;6,00;3,00;4,00;2,00;2,00;0,50;0,50
2019-08-18;76,00;61,97;19,88;52,73;0,78;21,71;38,00;24,00;16,00;24,00;30,00;23,00;25,00;3,00;8,00;18,00;4,00;8,00;5,00;9,00;10,00;5,00;9,00;3,00;2,00;4,00;6,00;3,00;3,00;1,00;3,00;0,50;0,50
2019-08-25;75,00;56,54;17,31;50,00;1,56;20,31;36,00;23,00;17,00;21,00;26,00;25,00;22,00;4,00;6,00;19,00;3,00;8,00;6,00;8,00;10,00;4,00;7,00;5,00;1,00;6,00;4,00;2,00;3,00;1,00;2,00;0,50;0,50
2019-09-01;77,00;58,61;18,39;50,82;0,77;18,48;34,00;21,00;18,00;29,00;26,00;26,00;21,00;2,00;6,00;20,00;3,00;7,00;4,00;7,00;9,00;5,00;6,00;3,00;2,00;5,00;4,00;1,00;3,00;0,50;1,00;0,50;0,50
2019-09-08;72,00;54,58;17,42;47,49;1,53;16,85;31,00;18,00;16,00;21,00;25,00;25,00;21,00;4,00;6,00;19,00;3,00;9,00;5,00;7,00;9,00;4,00;5,00;3,00;1,00;5,00;3,00;1,00;2,00;0,50;1,00;0,00;0,50
2019-09-15;77,00;65,51;18,39;55,44;0,77;18,48;32,00;19,00;18,00;26,00;22,00;23,00;22,00;3,00;7,00;20,00;3,00;8,00;2,00;8,00;8,00;4,00;5,00;4,00;1,00;4,00;3,00;1,00;3,00;1,00;1,00;0,50;0,00
2019-09-22;84,00;62,14;17,26;54,98;0,76;15,27;33,00;20,00;17,00;27,00;23,00;24,00;21,00;4,00;5,00;19,00;3,00;9,00;3,00;10,00;11,00;3,00;5,00;3,00;1,00;5,00;3,00;1,00;2,00;1,00;1,00;0,50;0,50
2019-09-29;83,00;59,62;18,70;50,11;0,78;15,66;33,00;19,00;16,00;21,00;25,00;22,00;23,00;3,00;5,00;19,00;3,00;7,00;3,00;9,00;8,00;5,00;6,00;2,00;1,00;5,00;3,00;1,00;2,00;1,00;2,00;1,00;0,50
2019-10-06;85,00;55,89;19,79;55,64;1,55;17,00;34,00;20,00;18,00;21,00;25,00;22,00;24,00;3,00;6,00;23,00;4,00;7,00;3,00;8,00;8,00;4,00;5,00;3,00;1,00;4,00;4,00;1,00;3,00;1,00;1,00;0,50;0,00
2019-10-13;71,00;48,89;17,46;47,85;0,77;15,43;29,00;19,00;16,00;19,00;20,00;18,00;19,00;3,00;6,00;18,00;3,00;7,00;4,00;7,00;10,00;3,00;6,00;3,00;1,00;4,00;3,00;1,00;2,00;0,50;1,00;0,00;0,00
2019-10-20;69,00;55,20;14,95;46,00;1,53;15,33;37,00;21,00;17,00;21,00;23,00;19,00;23,00;3,00;5,00;17,00;2,00;7,00;2,00;7,00;8,00;4,00;4,00;3,00;2,00;5,00;4,00;1,00;3,00;1,00;1,00;0,00;0,50
2019-10-27;67,00;64,69;18,48;48,30;1,56;18,70;28,00;18,00;17,00;21,00;23,00;20,00;28,00;3,00;4,00;16,00;2,00;7,00;3,00;8,00;6,00;4,00;5,00;3,00;1,00;4,00;3,00;2,00;2,00;0,50;1,00;0,50;0,50
2019-11-03;81,00;54,39;20,83;52,96;0,78;18,69;33,00;30,00;18,00;21,00;26,00;19,00;23,00;3,00;4,00;16,00;3,00;7,00;3,00;9,00;7,00;3,00;5,00;4,00;1,00;4,00;3,00;2,00;2,00;0,50;1,00;0,50;0,50
2019-11-10;100,00;54,65;17,44;47,69;0,77;21,54;32,00;18,00;19,00;17,00;23,00;82,00;24,00;3,00;3,00;15,00;3,00;7,00;2,00;8,00;7,00;3,00;4,00;4,00;0,50;3,00;3,00;1,00;2,00;0,50;1,00;0,50;0,50
2019-11-17;85,00;54,73;15,14;52,55;0,77;21,64;31,00;19,00;16,00;17,00;26,00;34,00;24,00;4,00;4,00;15,00;3,00;6,00;2,00;6,00;6,00;3,00;5,00;3,00;1,00;4,00;3,00;1,00;2,00;0,50;1,00;0,50;0,50
2019-11-24;98,00;56,49;17,29;44,41;0,77;21,44;33,00;18,00;15,00;21,00;24,00;20,00;23,00;5,00;4,00;15,00;3,00;5,00;3,00;7,00;7,00;3,00;5,00;3,00;1,00;3,00;3,00;1,00;2,00;1,00;1,00;0,00;0,50
2019-12-01;88,00;56,74;17,37;47,86;0,77;30,88;34,00;21,00;17,00;21,00;26,00;17,00;24,00;3,00;5,00;16,00;3,00;6,00;3,00;6,00;8,00;3,00;6,00;3,00;1,00;4,00;4,00;1,00;2,00;1,00;1,00;0,50;0,50
2019-12-08;69,00;47,95;16,37;42,34;0,78;14,11;27,00;19,00;14,00;20,00;19,00;15,00;20,00;3,00;4,00;12,00;3,00;5,00;3,00;6,00;6,00;3,00;4,00;3,00;1,00;4,00;2,00;0,50;1,00;0,50;1,00;0,00;0,50
2019-12-15;63,00;45,82;13,75;39,95;0,77;13,83;22,00;15,00;13,00;15,00;19,00;16,00;19,00;2,00;4,00;12,00;2,00;7,00;2,00;6,00;5,00;2,00;4,00;3,00;1,00;3,00;3,00;1,00;1,00;0,50;1,00;0,50;0,50
2019-12-22;68,00;48,07;15,24;44,82;0,77;17,00;27,00;17,00;15,00;18,00;21,00;19,00;23,00;3,00;5,00;13,00;3,00;6,00;3,00;6,00;6,00;3,00;5,00;3,00;1,00;4,00;3,00;1,00;2,00;0,50;1,00;0,50;0,50
2019-12-29;74,00;52,03;17,34;44,71;0,77;18,50;27,00;19,00;14,00;18,00;26,00;18,00;44,00;2,00;5,00;16,00;3,00;5,00;3,00;5,00;6,00;4,00;6,00;3,00;1,00;2,00;4,00;1,00;2,00;0,50;1,00;0,50;0,50
2020-01-05;83,00;56,49;20,75;56,87;0,77;18,44;29,00;18,00;16,00;23,00;23,00;20,00;22,00;3,00;5,00;17,00;2,00;5,00;3,00;6,00;7,00;3,00;4,00;3,00;1,00;3,00;3,00;1,00;2,00;0,50;1,00;0,50;0,50
2020-01-12;87,00;59,16;20,88;62,14;0,78;20,20;29,00;19,00;17,00;24,00;22,00;25,00;22,00;3,00;6,00;16,00;2,00;5,00;3,00;7,00;8,00;3,00;5,00;4,00;1,00;4,00;3,00;1,00;2,00;0,50;1,00;0,50;0,50
2020-01-19;79,00;53,44;20,91;54,22;0,77;17,04;28,00;17,00;16,00;23,00;25,00;20,00;22,00;2,00;6,00;15,00;2,00;4,00;3,00;6,00;7,00;4,00;5,00;3,00;1,00;3,00;3,00;1,00;2,00;0,50;1,00;0,50;0,50
2020-01-26;74,00;54,34;18,50;55,50;0,77;15,42;29,00;15,00;16,00;23,00;22,00;23,00;22,00;2,00;6,00;16,00;1,00;5,00;3,00;7,00;7,00;3,00;5,00;3,00;1,00;3,00;2,00;1,00;2,00;0,50;1,00;0,50;0,50
2020-02-02;80,00;56,81;19,71;58,46;0,77;16,92;26,00;18,00;16,00;28,00;22,00;22,00;21,00;2,00;6,00;17,00;3,00;6,00;2,00;6,00;7,00;4,00;4,00;4,00;1,00;4,00;3,00;1,00;2,00;0,50;1,00;0,50;0,50
2020-02-09;76,00;52,97;18,42;54,29;0,78;17,06;25,00;18,00;15,00;20,00;20,00;21,00;20,00;2,00;7,00;21,00;2,00;7,00;3,00;7,00;6,00;3,00;4,00;3,00;1,00;4,00;4,00;1,00;2,00;0,50;1,00;0,50;0,50
2020-02-16;73,00;57,94;16,22;55,91;0,78;17,09;28,00;19,00;18,00;22,00;20,00;25,00;21,00;2,00;6,00;15,00;2,00;5,00;3,00;6,00;7,00;3,00;5,00;3,00;1,00;4,00;3,00;1,00;2,00;1,00;1,00;0,50;0,50
2020-02-23;61,00;48,34;12,66;45,75;1,53;16,78;24,00;16,00;22,00;19,00;21,00;26,00;20,00;2,00;6,00;15,00;3,00;6,00;3,00;7,00;6,00;3,00;4,00;3,00;2,00;4,00;3,00;2,00;2,00;1,00;1,00;0,50;0,50
2020-03-01;56,00;44,33;14,00;38,89;0,78;12,44;21,00;15,00;13,00;17,00;17,00;15,00;16,00;2,00;4,00;13,00;2,00;5,00;2,00;4,00;4,00;2,00;3,00;3,00;1,00;4,00;3,00;1,00;1,00;0,50;1,00;0,50;0,50
2020-03-08;51,00;37,09;10,43;29,36;0,77;10,82;16,00;12,00;13,00;13,00;12,00;11,00;12,00;1,00;3,00;11,00;2,00;6,00;2,00;5,00;4,00;2,00;3,00;2,00;1,00;3,00;2,00;1,00;1,00;0,50;1,00;0,00;0,50
2020-03-15;32,00;22,52;5,93;19,20;0,80;4,80;7,00;9,00;5,00;6,00;6,00;24,00;6,00;1,00;1,00;7,00;1,00;8,00;1,00;5,00;4,00;1,00;1,00;2,00;1,00;5,00;1,00;1,00;1,00;0,50;1,00;0,50;0,50
2020-03-22;19,00;15,44;3,56;20,58;0,79;3,17;5,00;5,00;4,00;6,00;3,00;15,00;5,00;0,50;1,00;4,00;1,00;3,00;1,00;3,00;3,00;0,50;1,00;1,00;0,50;2,00;0,50;0,50;0,50;0,50;1,00;0,50;0,50
2020-03-29;19,00;14,25;3,56;15,83;0,79;1,58;6,00;4,00;4,00;6,00;4,00;10,00;4,00;1,00;1,00;4,00;1,00;2,00;1,00;2,00;4,00;0,50;1,00;0,50;1,00;2,00;1,00;0,50;0,50;0,50;0,50;0,50;0,50
2020-04-05;17,00;14,73;3,40;20,09;0,77;3,09;16,00;6,00;3,00;6,00;4,00;10,00;6,00;0,50;1,00;3,00;1,00;3,00;1,00;2,00;6,00;1,00;0,50;0,50;0,50;1,00;1,00;0,50;0,50;0,50;1,00;0,00;0,00
2020-04-12;17,00;15,87;2,27;20,09;0,00;3,09;6,00;5,00;6,00;7,00;4,00;8,00;4,00;1,00;1,00;4,00;1,00;3,00;1,00;2,00;3,00;1,00;1,00;0,50;1,00;1,00;0,50;0,50;0,50;0,50;1,00;0,00;0,50
2020-04-19;17,00;13,60;2,27;15,45;0,00;3,09;7,00;4,00;3,00;6,00;5,00;8,00;4,00;0,50;1,00;4,00;0,50;2,00;1,00;2,00;3,00;1,00;1,00;1,00;0,50;1,00;1,00;0,50;0,50;0,50;1,00;0,00;0,50
2020-04-26;16,00;12,57;2,29;14,55;0,73;2,91;5,00;5,00;3,00;6,00;3,00;10,00;3,00;0,50;1,00;4,00;0,50;2,00;1,00;1,00;4,00;1,00;1,00;1,00;0,50;1,00;1,00;0,50;0,50;0,50;1,00;0,00;0,50
2020-05-03;18,00;13,20;3,60;16,50;0,00;3,00;5,00;5,00;4,00;6,00;4,00;9,00;3,00;1,00;1,00;4,00;1,00;3,00;1,00;1,00;3,00;1,00;0,50;1,00;1,00;1,00;1,00;0,50;0,50;0,50;0,50;0,50;0,00
2020-05-10;17,00;13,60;2,27;17,00;0,77;3,09;5,00;4,00;3,00;5,00;4,00;6,00;5,00;1,00;1,00;4,00;1,00;2,00;1,00;1,00;3,00;1,00;0,50;1,00;0,50;1,00;1,00;0,50;0,50;0,50;1,00;0,50;0,00
2020-05-17;15,00;11,54;2,31;16,50;0,75;3,00;6,00;5,00;4,00;6,00;3,00;6,00;3,00;0,50;1,00;4,00;1,00;1,00;1,00;1,00;3,00;1,00;1,00;1,00;0,50;1,00;1,00;0,50;0,00;0,50;0,50;0,50;0,00
2020-05-24;16,00;13,54;3,69;16,00;0,80;4,80;6,00;5,00;4,00;7,00;3,00;6,00;3,00;0,50;2,00;3,00;0,50;3,00;1,00;1,00;3,00;1,00;1,00;1,00;0,50;1,00;1,00;0,50;1,00;0,50;0,50;0,50;0,00
2020-05-31;17,00;14,57;3,64;13,91;0,77;3,09;5,00;4,00;3,00;6,00;4,00;7,00;5,00;1,00;2,00;3,00;1,00;3,00;1,00;1,00;3,00;1,00;1,00;1,00;1,00;1,00;1,00;0,50;1,00;0,00;0,50;0,00;0,00
2020-06-07;16,00;14,86;3,43;16,00;0,80;4,80;6,00;4,00;4,00;7,00;4,00;6,00;5,00;0,50;2,00;4,00;1,00;2,00;1,00;2,00;2,00;1,00;1,00;1,00;0,50;1,00;0,50;1,00;1,00;0,50;1,00;0,00;0,50
2020-06-14;16,00;17,14;4,57;14,55;0,73;4,36;6,00;5,00;4,00;7,00;6,00;6,00;6,00;1,00;3,00;4,00;1,00;4,00;2,00;3,00;3,00;1,00;2,00;1,00;0,50;2,00;1,00;0,50;0,50;0,50;1,00;0,50;0,00
2020-06-21;18,00;18,00;4,80;14,73;0,00;4,91;9,00;5,00;5,00;8,00;4,00;6,00;5,00;1,00;2,00;4,00;2,00;3,00;2,00;2,00;3,00;1,00;2,00;1,00;0,50;2,00;1,00;1,00;1,00;0,50;0,50;0,50;0,50
2020-06-28;17,00;18,13;4,53;13,91;0,77;6,18;6,00;4,00;5,00;7,00;5,00;6,00;7,00;1,00;2,00;4,00;2,00;3,00;2,00;2,00;3,00;1,00;3,00;2,00;1,00;2,00;1,00;1,00;1,00;1,00;1,00;0,50;0,50
2020-07-05;18,00;16,88;4,50;13,50;0,75;4,50;8,00;5,00;4,00;5,00;5,00;8,00;8,00;1,00;3,00;3,00;1,00;2,00;2,00;3,00;2,00;1,00;2,00;2,00;1,00;2,00;2,00;1,00;1,00;0,50;1,00;0,50;0,50
2020-07-12;19,00;21,38;5,94;14,25;0,79;6,33;7,00;6,00;5,00;8,00;6,00;8,00;8,00;1,00;2,00;5,00;2,00;4,00;2,00;2,00;4,00;1,00;2,00;2,00;1,00;1,00;1,00;1,00;21,00;0,50;1,00;0,50;1,00
2020-07-19;22,00;19,68;5,79;14,14;0,79;6,29;7,00;6,00;5,00;6,00;6,00;8,00;7,00;2,00;3,00;7,00;2,00;4,00;3,00;2,00;3,00;1,00;3,00;2,00;0,50;2,00;2,00;1,00;7,00;0,50;1,00;0,50;0,50
2020-07-26;22,00;22,00;4,63;15,71;0,79;7,86;6,00;6,00;4,00;9,00;4,00;9,00;8,00;1,00;2,00;6,00;1,00;4,00;2,00;3,00;2,00;1,00;3,00;2,00;0,50;2,00;2,00;1,00;2,00;0,50;0,50;0,50;0,50
2020-08-02;17,00;21,53;5,67;17,00;0,77;6,18;9,00;7,00;4,00;9,00;7,00;9,00;8,00;1,00;3,00;5,00;2,00;4,00;3,00;3,00;4,00;1,00;5,00;2,00;1,00;2,00;2,00;1,00;1,00;0,50;1,00;0,50;1,00
2020-08-09;17,00;24,93;5,67;17,00;0,77;9,27;9,00;6,00;4,00;10,00;5,00;8,00;8,00;1,00;2,00;5,00;2,00;4,00;3,00;3,00;3,00;1,00;3,00;1,00;1,00;4,00;2,00;1,00;1,00;1,00;2,00;0,00;0,50
2020-08-16;19,00;26,82;4,47;12,67;0,79;9,50;9,00;6,00;6,00;8,00;5,00;7,00;12,00;1,00;2,00;5,00;2,00;5,00;2,00;2,00;4,00;1,00;3,00;1,00;1,00;2,00;2,00;1,00;1,00;0,50;1,00;0,50;0,50
2020-08-23;18,00;26,40;3,60;13,09;0,82;8,18;6,00;7,00;6,00;10,00;4,00;7,00;7,00;1,00;2,00;5,00;2,00;4,00;2,00;2,00;3,00;1,00;2,00;2,00;0,50;2,00;2,00;1,00;1,00;0,50;1,00;0,00;0,50
2020-08-30;22,00;24,32;4,63;15,71;0,79;7,86;8,00;6,00;5,00;8,00;4,00;11,00;7,00;1,00;2,00;6,00;2,00;4,00;2,00;2,00;4,00;1,00;2,00;1,00;1,00;2,00;1,00;1,00;1,00;0,50;2,00;0,50;0,50
2020-09-06;19,00;23,47;4,47;13,15;0,73;5,85;12,00;5,00;5,00;9,00;5,00;7,00;6,00;1,00;2,00;5,00;2,00;3,00;2,00;1,00;3,00;1,00;3,00;1,00;1,00;2,00;2,00;1,00;1,00;0,50;1,00;0,00;0,50
2020-09-13;17,00;21,53;4,53;66,45;0,77;6,18;7,00;5,00;5,00;8,00;3,00;6,00;5,00;1,00;2,00;7,00;1,00;3,00;2,00;2,00;4,00;1,00;3,00;1,00;0,50;1,00;1,00;1,00;1,00;0,50;1,00;0,50;0,50
2020-09-20;20,00;24,71;4,71;36,92;0,77;6,15;6,00;5,00;6,00;11,00;10,00;6,00;5,00;1,00;1,00;5,00;1,00;3,00;1,00;2,00;3,00;1,00;2,00;1,00;0,50;1,00;1,00;0,50;1,00;0,50;1,00;0,00;0,50
2020-09-27;21,00;21,00;3,50;16,15;0,81;6,46;6,00;6,00;5,00;9,00;3,00;7,00;5,00;0,50;2,00;5,00;1,00;2,00;1,00;2,00;4,00;1,00;2,00;1,00;0,50;1,00;1,00;1,00;1,00;0,50;0,50;0,50;0,50
2020-10-04;23,00;23,00;4,60;15,33;0,77;6,13;6,00;5,00;5,00;10,00;4,00;12,00;5,00;1,00;2,00;5,00;1,00;3,00;1,00;2,00;4,00;1,00;3,00;1,00;1,00;1,00;1,00;0,50;1,00;0,50;0,50;0,00;0,00
2020-10-11;18,00;24,00;4,80;16,50;0,75;6,00;5,00;5,00;4,00;9,00;3,00;7,00;6,00;1,00;1,00;4,00;1,00;2,00;0,50;2,00;3,00;1,00;2,00;1,00;1,00;1,00;2,00;0,50;1,00;0,50;1,00;0,50;0,50
2020-10-18;18,00;16,88;4,50;12,00;0,75;6,00;5,00;5,00;4,00;10,00;2,00;4,00;5,00;1,00;1,00;4,00;2,00;2,00;1,00;1,00;3,00;1,00;1,00;1,00;0,50;1,00;1,00;0,50;1,00;0,50;1,00;0,50;0,50
2020-10-25;19,00;16,63;3,56;14,25;0,79;4,75;4,00;4,00;4,00;10,00;2,00;4,00;13,00;1,00;1,00;4,00;1,00;2,00;1,00;2,00;4,00;1,00;1,00;1,00;0,50;1,00;0,50;0,50;0,50;0,50;1,00;0,00;0,50
2020-11-01;17,00;20,40;2,27;13,91;0,77;1,55;4,00;5,00;4,00;9,00;4,00;4,00;59,00;0,50;1,00;3,00;0,50;2,00;1,00;1,00;3,00;1,00;0,50;1,00;0,50;1,00;1,00;0,50;0,50;0,50;0,50;0,00;0,50
2020-11-08;18,00;12,38;3,38;13,50;0,75;1,50;4,00;4,00;4,00;10,00;3,00;4,00;3,00;0,50;2,00;4,00;0,50;3,00;1,00;2,00;3,00;1,00;1,00;1,00;0,50;1,00;0,50;0,50;1,00;0,50;1,00;0,50;0,00
2020-11-15;40,00;14,86;3,43;13,85;0,77;3,08;5,00;4,00;3,00;9,00;4,00;4,00;3,00;1,00;1,00;4,00;1,00;3,00;1,00;2,00;4,00;1,00;1,00;1,00;0,50;1,00;1,00;0,50;1,00;0,50;1,00;0,00;0,50
2020-11-22;19,00;13,06;3,56;11,08;0,79;3,17;5,00;4,00;4,00;7,00;4,00;4,00;3,00;1,00;1,00;4,00;1,00;2,00;1,00;1,00;3,00;1,00;1,00;1,00;0,50;2,00;1,00;0,50;1,00;0,50;0,50;0,00;0,00
2020-11-29;16,00;14,86;3,43;10,18;0,73;2,91;8,00;4,00;5,00;10,00;5,00;5,00;5,00;1,00;1,00;3,00;1,00;2,00;1,00;1,00;4,00;1,00;1,00;1,00;0,50;1,00;1,00;0,50;1,00;0,50;0,50;0,00;0,00
2020-12-06;20,00;16,47;2,35;16,92;0,77;3,08;6,00;3,00;3,00;12,00;4,00;7,00;5,00;1,00;1,00;4,00;1,00;3,00;1,00;2,00;3,00;1,00;1,00;1,00;0,50;1,00;1,00;1,00;0,50;0,50;0,50;0,00;0,50
2020-12-13;23,00;13,80;3,45;12,27;0,77;3,07;5,00;4,00;3,00;8,00;3,00;6,00;4,00;1,00;1,00;5,00;1,00;3,00;1,00;2,00;2,00;1,00;1,00;2,00;0,50;1,00;1,00;1,00;0,50;0,50;1,00;0,00;0,00
2020-12-20;30,00;13,85;2,31;10,50;0,75;3,00;6,00;4,00;4,00;8,00;3,00;5,00;5,00;1,00;1,00;5,00;1,00;3,00;1,00;2,00;2,00;1,00;1,00;1,00;1,00;1,00;1,00;0,50;0,50;0,00;0,50;0,50;0,50
2020-12-27;18,00;13,50;3,38;13,50;0,75;3,00;6,00;4,00;3,00;8,00;3,00;5,00;20,00;0,50;2,00;5,00;1,00;3,00;1,00;2,00;3,00;1,00;1,00;0,50;0,50;1,00;1,00;1,00;0,50;0,00;0,50;0,50;0,50
2021-01-03;19,00;16,63;3,56;14,25;0,79;3,17;6,00;4,00;4,00;9,00;3,00;6,00;4,00;1,00;1,00;5,00;1,00;2,00;1,00;1,00;3,00;1,00;1,00;1,00;0,50;1,00;1,00;1,00;0,50;0,50;0,50;0,50;0,00
2021-01-10;17,00;17,00;3,64;12,36;0,77;3,09;5,00;4,00;4,00;9,00;3,00;4,00;4,00;0,50;2,00;5,00;1,00;4,00;2,00;2,00;4,00;1,00;1,00;1,00;0,50;1,00;1,00;0,50;1,00;0,50;1,00;0,50;0,00
2021-01-17;14,00;15,17;2,33;12,44;0,78;3,11;4,00;4,00;4,00;11,00;3,00;4,00;5,00;0,50;1,00;4,00;1,00;2,00;1,00;1,00;4,00;0,50;1,00;1,00;0,50;1,00;1,00;0,50;0,50;0,50;1,00;0,00;0,00
2021-01-24;13,00;13,00;3,55;14,63;0,81;3,25;5,00;3,00;4,00;11,00;3,00;5,00;4,00;0,50;1,00;5,00;1,00;3,00;1,00;1,00;2,00;1,00;1,00;1,00;0,50;1,00;0,50;0,50;0,50;0,00;1,00;0,00;0,50
2021-01-31;13,00;13,00;2,17;14,44;0,72;2,89;5,00;4,00;4,00;12,00;3,00;4,00;3,00;1,00;1,00;4,00;1,00;1,00;1,00;1,00;3,00;0,50;1,00;1,00;0,50;1,00;0,50;0,50;0,50;0,50;1,00;0,50;0,00
2021-02-07;15,00;13,85;2,31;16,67;0,83;3,33;6,00;4,00;3,00;13,00;4,00;6,00;5,00;1,00;1,00;4,00;1,00;3,00;1,00;2,00;3,00;0,50;1,00;1,00;0,50;1,00;1,00;0,50;0,50;0,50;0,50;0,50;0,00
2021-02-14;16,00;26,29;2,29;17,60;0,80;3,20;5,00;5,00;4,00;13,00;4,00;6,00;4,00;0,50;1,00;4,00;0,50;2,00;1,00;1,00;3,00;0,50;1,00;1,00;0,50;1,00;0,50;0,50;0,50;0,00;1,00;0,50;0,00
2021-02-21;14,00;17,50;3,50;17,11;0,78;1,56;4,00;5,00;5,00;12,00;4,00;6,00;5,00;1,00;2,00;4,00;1,00;2,00;1,00;2,00;3,00;1,00;1,00;1,00;0,50;1,00;1,00;0,50;0,50;0,50;0,50;0,00;0,50
2021-02-28;15,00;13,85;2,31;15,00;0,75;3,00;4,00;4,00;3,00;11,00;3,00;6,00;3,00;1,00;1,00;4,00;1,00;3,00;1,00;2,00;3,00;1,00;1,00;1,00;0,50;1,00;1,00;0,50;0,50;0,50;0,50;0,00;0,50
2021-03-07;15,00;24,23;3,46;13,50;0,75;3,00;5,00;5,00;3,00;12,00;2,00;5,00;4,00;1,00;1,00;3,00;1,00;3,00;1,00;2,00;3,00;1,00;1,00;1,00;1,00;1,00;1,00;0,50;1,00;0,50;1,00;0,00;0,50
2021-03-14;12,00;13,09;3,27;15,00;0,75;3,00;5,00;4,00;3,00;13,00;3,00;5,00;4,00;1,00;1,00;4,00;1,00;2,00;1,00;2,00;3,00;0,50;1,00;1,00;0,50;2,00;1,00;1,00;0,50;0,50;1,00;0,50;0,50
2021-03-21;13,00;15,36;2,36;13,00;0,72;2,89;4,00;4,00;4,00;13,00;3,00;6,00;3,00;0,50;1,00;3,00;1,00;2,00;1,00;2,00;3,00;1,00;1,00;1,00;0,50;2,00;1,00;1,00;1,00;0,50;1,00;0,50;0,00
2021-03-28;13,00;14,18;2,36;10,11;0,00;2,89;3,00;4,00;2,00;14,00;3,00;6,00;4,00;1,00;1,00;4,00;1,00;3,00;1,00;2,00;3,00;1,00;1,00;1,00;0,50;1,00;1,00;0,50;0,50;0,50;0,50;0,00;0,50
2021-04-04;16,00;16,00;2,46;12,80;0,80;3,20;5,00;4,00;3,00;11,00;3,00;4,00;3,00;1,00;1,00;3,00;1,00;3,00;1,00;2,00;4,00;1,00;1,00;1,00;1,00;1,00;1,00;0,50;0,50;0,50;1,00;0,50;0,50
2021-04-11;16,00;16,00;3,43;14,40;0,80;1,60;4,00;5,00;4,00;11,00;3,00;4,00;4,00;1,00;2,00;4,00;1,00;3,00;1,00;2,00;2,00;1,00;1,00;1,00;0,50;1,00;1,00;0,50;0,50;0,50;1,00;0,00;0,50
2021-04-18;15,00;13,85;2,31;12,00;0,75;3,00;5,00;4,00;3,00;10,00;2,00;6,00;4,00;0,50;2,00;3,00;1,00;3,00;1,00;2,00;3,00;0,50;1,00;1,00;0,50;1,00;1,00;0,50;1,00;0,50;1,00;0,00;0,50
2021-04-25;13,00;20,09;2,36;16,25;0,81;4,88;5,00;4,00;3,00;12,00;3,00;6,00;4,00;0,50;2,00;4,00;0,50;2,00;1,00;2,00;2,00;1,00;1,00;1,00;0,50;1,00;1,00;1,00;0,50;0,50;1,00;0,50;0,50
2021-05-02;15,00;17,31;3,46;15,00;0,75;6,00;6,00;4,00;4,00;11,00;2,00;6,00;5,00;1,00;2,00;5,00;1,00;2,00;1,00;2,00;2,00;1,00;1,00;2,00;0,50;1,00;1,00;0,50;1,00;0,50;1,00;0,00;0,00
2021-05-09;16,00;17,14;2,29;160,00;0,80;6,40;4,00;6,00;3,00;11,00;3,00;7,00;4,00;0,50;2,00;5,00;1,00;3,00;2,00;3,00;3,00;1,00;2,00;1,00;0,50;1,00;1,00;0,50;1,00;0,50;0,50;0,50;0,00
2021-05-16;17,00;18,13;4,53;47,91;0,77;6,18;6,00;4,00;6,00;9,00;4,00;7,00;5,00;1,00;3,00;3,00;2,00;3,00;1,00;2,00;3,00;1,00;1,00;3,00;1,00;2,00;2,00;1,00;1,00;0,50;2,00;0,50;0,00
2021-05-23;17,00;21,53;4,53;21,64;0,77;6,18;6,00;5,00;6,00;9,00;4,00;9,00;6,00;1,00;3,00;6,00;1,00;2,00;1,00;2,00;3,00;1,00;2,00;1,00;0,50;1,00;1,00;1,00;1,00;0,50;2,00;0,50;0,50
2021-05-30;19,00;22,35;4,47;21,92;0,73;8,77;7,00;7,00;6,00;11,00;4,00;8,00;7,00;1,00;3,00;5,00;2,00;3,00;2,00;4,00;3,00;1,00;2,00;1,00;1,00;2,00;1,00;1,00;1,00;0,50;1,00;0,50;0,50
2021-06-06;14,00;24,50;3,50;24,89;0,78;9,33;7,00;5,00;7,00;12,00;5,00;10,00;5,00;1,00;3,00;6,00;2,00;4,00;2,00;2,00;5,00;1,00;2,00;2,00;0,50;1,00;2,00;1,00;1,00;0,50;1,00;0,00;0,50
2021-06-13;18,00;27,60;4,80;26,18;0,82;11,45;8,00;6,00;7,00;12,00;8,00;11,00;7,00;1,00;3,00;6,00;2,00;4,00;3,00;3,00;4,00;1,00;3,00;2,00;1,00;2,00;1,00;1,00;1,00;0,50;1,00;0,00;0,50
2021-06-20;18,00;29,25;6,75;24,00;0,75;9,00;7,00;7,00;7,00;14,00;10,00;12,00;6,00;1,00;3,00;6,00;1,00;4,00;3,00;4,00;3,00;2,00;3,00;1,00;1,00;2,00;2,00;1,00;1,00;0,50;1,00;0,50;0,50
2021-06-27;23,00;31,05;5,75;26,07;0,77;9,20;7,00;6,00;7,00;13,00;12,00;14,00;7,00;1,00;4,00;7,00;1,00;4,00;2,00;4,00;4,00;3,00;3,00;2,00;1,00;3,00;2,00;1,00;1,00;0,50;1,00;0,50;0,50
2021-07-04;22,00;28,95;6,95;28,29;0,79;9,43;7,00;6,00;8,00;12,00;6,00;11,00;8,00;1,00;4,00;8,00;2,00;4,00;3,00;3,00;4,00;1,00;3,00;2,00;1,00;4,00;2,00;1,00;1,00;1,00;1,00;0,50;0,50
2021-07-11;19,00;27,94;6,71;27,77;0,73;7,31;8,00;9,00;9,00;11,00;6,00;13,00;8,00;1,00;4,00;11,00;2,00;4,00;2,00;3,00;3,00;2,00;4,00;2,00;1,00;3,00;2,00;2,00;1,00;0,50;1,00;0,00;0,50
2021-07-18;21,00;31,50;8,17;25,50;1,50;10,50;9,00;8,00;8,00;13,00;6,00;13,00;10,00;2,00;5,00;12,00;2,00;5,00;3,00;3,00;4,00;2,00;3,00;2,00;1,00;3,00;3,00;1,00;2,00;0,50;1,00;0,50;0,50
2021-07-25;21,00;36,17;7,00;28,50;0,75;10,50;10,00;9,00;9,00;14,00;7,00;15,00;9,00;2,00;4,00;11,00;2,00;4,00;3,00;3,00;5,00;2,00;3,00;3,00;1,00;3,00;3,00;2,00;2,00;0,50;1,00;0,50;0,50
2021-08-01;23,00;39,10;10,35;32,20;0,77;12,27;10,00;7,00;10,00;15,00;8,00;17,00;10,00;1,00;6,00;9,00;2,00;5,00;3,00;4,00;6,00;2,00;5,00;3,00;1,00;3,00;3,00;2,00;2,00;1,00;1,00;0,50;0,50
2021-08-08;29,00;63,80;10,44;32,05;0,76;13,74;10,00;9,00;12,00;13,00;9,00;17,00;11,00;2,00;5,00;11,00;3,00;5,00;4,00;4,00;4,00;2,00;6,00;3,00;1,00;2,00;3,00;2,00;3,00;0,50;1,00;0,50;0,50
2021-08-15;24,00;49,14;11,43;34,50;0,75;12,00;12,00;10,00;10,00;17,00;11,00;16,00;11,00;2,00;4,00;11,00;3,00;4,00;4,00;4,00;5,00;2,00;5,00;2,00;1,00;3,00;4,00;2,00;2,00;1,00;1,00;0,50;0,50
2021-08-22;30,00;46,15;10,38;36,32;0,79;14,21;12,00;8,00;13,00;16,00;12,00;21,00;14,00;2,00;5,00;12,00;2,00;5,00;4,00;4,00;6,00;2,00;4,00;2,00;1,00;3,00;2,00;2,00;1,00;0,50;1,00;0,50;0,50
2021-08-29;33,00;54,21;11,79;36,14;0,79;12,57;14,00;9,00;13,00;16,00;10,00;19,00;15,00;2,00;4,00;12,00;2,00;5,00;3,00;4,00;6,00;2,00;4,00;3,00;1,00;3,00;2,00;1,00;1,00;1,00;2,00;0,50;0,50
2021-09-05;33,00;43,24;13,66;37,71;0,79;11,00;16,00;11,00;12,00;14,00;11,00;19,00;16,00;2,00;4,00;13,00;2,00;6,00;3,00;4,00;6,00;3,00;5,00;3,00;1,00;3,00;2,00;2,00;1,00;0,50;1,00;0,50;0,50
2021-09-12;33,00;53,48;12,52;42,00;0,75;13,50;17,00;13,00;14,00;16,00;14,00;19,00;15,00;3,00;4,00;13,00;3,00;5,00;3,00;5,00;5,00;3,00;4,00;2,00;0,50;2,00;3,00;1,00;1,00;1,00;1,00;0,50;0,00
2021-09-19;35,00;53,67;12,83;38,04;0,76;12,17;15,00;14,00;14,00;15,00;12,00;16,00;15,00;2,00;3,00;13,00;3,00;6,00;3,00;5,00;5,00;2,00;4,00;2,00;1,00;3,00;2,00;1,00;2,00;0,50;1,00;0,50;0,50
2021-09-26;38,00;61,03;14,97;41,17;0,79;12,67;15,00;16,00;13,00;17,00;15,00;19,00;17,00;3,00;4,00;14,00;2,00;7,00;3,00;6,00;6,00;3,00;4,00;2,00;1,00;4,00;3,00;1,00;2,00;1,00;1,00;0,50;0,00
2021-10-03;41,00;54,67;13,67;42,52;0,76;13,67;17,00;15,00;17,00;20,00;14,00;18,00;19,00;3,00;4,00;12,00;2,00;6,00;3,00;5,00;6,00;3,00;4,00;3,00;1,00;4,00;3,00;1,00;1,00;0,50;1,00;0,50;0,50
2021-10-10;41,00;59,74;17,57;45,73;0,79;14,19;21,00;14,00;15,00;19,00;16,00;20,00;19,00;4,00;4,00;12,00;3,00;6,00;3,00;7,00;5,00;3,00;5,00;2,00;1,00;3,00;2,00;1,00;1,00;0,50;2,00;0,50;0,50
2021-10-17;35,00;57,58;13,55;42,61;0,76;12,17;18,00;15,00;14,00;15,00;15,00;15,00;16,00;3,00;3,00;13,00;2,00;7,00;2,00;6,00;6,00;3,00;4,00;3,00;1,00;3,00;2,00;1,00;2,00;0,50;1,00;0,50;0,00
2021-10-24;38,00;54,12;13,82;41,17;0,79;14,25;19,00;16,00;15,00;19,00;12,00;16,00;34,00;3,00;4,00;13,00;3,00;7,00;3,00;5,00;5,00;3,00;5,00;3,00;1,00;3,00;3,00;1,00;2,00;0,50;1,00;0,50;0,50
2021-10-31;39,00;69,97;11,47;40,56;1,56;15,60;20,00;15,00;16,00;20,00;18,00;17,00;23,00;3,00;2,00;14,00;2,00;7,00;2,00;5,00;4,00;3,00;5,00;3,00;1,00;2,00;3,00;2,00;2,00;1,00;1,00;0,50;0,50
2021-11-07;39,00;57,35;12,62;37,50;0,75;12,00;20,00;12,00;15,00;24,00;18,00;18,00;19,00;3,00;5,00;14,00;2,00;5,00;3,00;5,00;11,00;2,00;4,00;4,00;1,00;3,00;3,00;1,00;1,00;0,50;1,00;0,50;0,50
2021-11-14;38,00;54,12;11,52;38,00;0,79;14,25;17,00;11,00;15,00;18,00;15,00;17,00;21,00;3,00;3,00;13,00;2,00;5,00;2,00;5,00;5,00;2,00;4,00;2,00;0,50;3,00;3,00;1,00;1,00;0,50;1,00;0,50;0,50
2021-11-21;34,00;51,59;9,38;35,55;0,77;12,36;19,00;9,00;14,00;17,00;13,00;13,00;12,00;3,00;3,00;12,00;2,00;4,00;2,00;4,00;6,00;3,00;3,00;2,00;1,00;2,00;2,00;1,00;1,00;0,50;1,00;0,50;0,00
2021-11-28;36,00;48,77;8,13;31,30;0,78;10,96;16,00;9,00;13,00;18,00;13,00;13,00;10,00;4,00;2,00;11,00;2,00;5,00;3,00;5,00;6,00;2,00;5,00;2,00;1,00;3,00;3,00;1,00;1,00;0,50;1,00;0,50;0,50
2021-12-05;29,00;47,56;9,28;33,58;0,76;9,16;17,00;10,00;13,00;16,00;15,00;15,00;10,00;3,00;3,00;10,00;2,00;5,00;2,00;3,00;5,00;2,00;4,00;2,00;1,00;2,00;3,00;1,00;1,00;0,50;1,00;0,00;0,50
2021-12-12;25,00;39,77;7,95;28,13;0,78;7,81;10,00;8,00;11,00;12,00;13,00;10,00;10,00;2,00;2,00;9,00;2,00;5,00;2,00;2,00;5,00;1,00;2,00;2,00;0,50;3,00;2,00;1,00;1,00;0,50;1,00;0,50;0,50
2021-12-19;20,00;35,29;7,06;20,00;0,77;7,69;10,00;9,00;8,00;12,00;9,00;8,00;9,00;1,00;1,00;7,00;2,00;4,00;1,00;3,00;4,00;1,00;2,00;1,00;1,00;1,00;2,00;1,00;1,00;0,50;0,50;0,00;0,50
2021-12-26;26,00;49,64;7,09;29,06;0,00;7,65;13,00;9,00;10,00;16,00;12,00;11,00;39,00;2,00;3,00;10,00;2,00;5,00;2,00;4,00;5,00;1,00;2,00;4,00;1,00;2,00;2,00;1,00;1,00;0,50;1,00;0,00;0,00
2022-01-02;27,00;48,38;7,88;30,00;0,75;10,50;16,00;10,00;17,00;14,00;14,00;14,00;14,00;1,00;2,00;8,00;3,00;4,00;2,00;5,00;4,00;2,00;4,00;2,00;1,00;2,00;2,00;1,00;1,00;0,50;1,00;0,50;0,50
2022-01-09;29,00;48,72;9,28;33,58;0,76;9,16;13,00;10,00;12,00;18,00;14,00;16,00;12,00;1,00;3,00;11,00;1,00;4,00;2,00;3,00;4,00;2,00;3,00;2,00;1,00;3,00;1,00;0,50;1,00;1,00;1,00;0,00;0,00
2022-01-16;29,00;49,88;11,60;36,63;0,76;10,68;13,00;9,00;15,00;19,00;15,00;14,00;12,00;1,00;4,00;10,00;2,00;5,00;2,00;3,00;4,00;3,00;3,00;2,00;1,00;2,00;2,00;1,00;1,00;1,00;1,00;0,00;0,50
2022-01-23;36,00;52,26;12,77;43,83;0,78;10,96;15,00;10,00;17,00;25,00;18,00;17,00;13,00;1,00;4,00;13,00;2,00;4,00;2,00;4,00;4,00;2,00;3,00;3,00;1,00;2,00;1,00;1,00;1,00;1,00;1,00;0,00;0,50
2022-01-30;42,00;60,67;10,50;42,00;0,78;12,44;14,00;11,00;18,00;19,00;15,00;16,00;13,00;1,00;3,00;11,00;2,00;5,00;2,00;5,00;5,00;3,00;2,00;3,00;1,00;3,00;2,00;1,00;2,00;0,50;1,00;0,00;0,50
2022-02-06;45,00;66,92;12,69;45,00;0,78;15,52;13,00;11,00;20,00;23,00;15,00;20,00;14,00;1,00;4,00;13,00;2,00;4,00;3,00;5,00;4,00;3,00;2,00;3,00;1,00;2,00;2,00;1,00;2,00;0,50;2,00;0,50;0,00
2022-02-13;46,00;85,10;13,80;46,00;0,77;15,33;18,00;11,00;19,00;21,00;13,00;17,00;11,00;1,00;5,00;15,00;2,00;4,00;3,00;4,00;4,00;2,00;3,00;3,00;0,50;4,00;2,00;1,00;1,00;1,00;1,00;0,00;0,00
2022-02-20;49,00;59,50;12,83;44,41;0,77;16,84;18,00;12,00;18,00;21,00;14,00;19,00;11,00;2,00;5,00;13,00;2,00;6,00;3,00;4,00;5,00;2,00;4,00;2,00;1,00;3,00;3,00;1,00;1,00;0,50;1,00;0,00;0,50
2022-02-27;44,00;57,89;11,58;40,97;0,76;15,17;16,00;11,00;14,00;19,00;11,00;16,00;12,00;2,00;4,00;12,00;2,00;6,00;2,00;4,00;6,00;3,00;4,00;3,00;1,00;3,00;2,00;1,00;1,00;0,50;1,00;0,00;0,50
