Semaine;Chamonix (FR);Val Thorens (FR);Alpe d Huez (FR);Les Deux Alpes (FR);Ischgl (AT);Tignes (FR);Les Arcs (FR);Saalbach (AT);Les Ménuires (FR);Avoriaz (FR);La Plagne (FR);Sankt Anton (AT);Zermatt (CH);Flachau (AT);La Clusaz (FR);Verbier (CH);Zillertal (AT);Morzine (FR);Châtel (FR);St Moritz (DE);Les Gets (FR);Val Cenis (FR);Courchevel (FR);Mayrhofen (AT);Serre Chevalier (FR);Samoëns (FR);Valloire (FR);Méribel (FR);Val d Isère (FR);Megève (FR);Kitzbuhel (AT);Vars (FR);Garmisch (DE);Schladming (AT);Grand Bornand (FR);Brixental (AT);Gstaad (CH);Font Romeu (FR);St Lary (FR);Barèges (FR);La Mongie (FR);Peyragudes (FR)
2019-01-06;53,00;6,00;4,00;12,00;8,00;7,00;1,00;15,00;2,00;5,05;1,26;40,38;35,33;42,00;0,00;12,00;9,00;2,12;0,00;93,28;0,00;0,00;5,00;1,00;4,00;1,00;0,00;1,00;5,00;6,00;17,00;2,00;4,00;1,00;0,00;2,00;2,00;0,00;0,00;0,00;0,00;0,00
2019-01-13;28,00;7,00;0,00;10,00;11,00;2,00;1,00;9,00;2,00;2,55;1,27;15,27;38,18;8,00;1,00;3,00;4,00;4,31;0,00;66,77;2,15;1,00;6,00;2,00;3,00;0,00;0,00;1,00;0,00;2,00;16,00;1,00;3,00;4,00;0,00;0,00;4,00;0,00;0,00;0,00;0,00;0,00
2019-01-20;47,00;7,00;2,00;5,00;8,00;2,00;4,00;4,00;0,00;0,00;1,24;7,42;19,79;3,00;0,00;3,00;4,00;2,14;2,14;102,55;2,14;1,00;4,00;0,00;3,00;2,00;0,00;1,00;2,00;4,00;13,00;2,00;9,00;5,00;0,00;0,00;3,00;0,00;0,00;0,00;0,00;0,00
2019-01-27;24,00;4,00;3,00;8,00;5,00;1,00;1,00;4,00;1,00;1,20;0,00;9,60;26,40;3,00;0,00;1,00;5,00;0,00;1,09;89,45;2,18;0,00;0,00;0,00;5,00;1,00;0,00;2,00;2,00;2,00;15,00;0,00;9,00;2,00;0,00;1,00;3,00;1,00;0,00;0,00;0,00;0,00
2019-02-03;36,00;2,00;6,00;7,00;6,00;1,00;1,00;4,00;0,00;1,20;0,00;9,60;19,20;3,00;2,00;7,00;3,00;2,12;0,00;57,18;0,00;1,00;3,00;0,00;8,00;0,00;2,00;1,00;3,00;3,00;4,00;0,00;11,00;2,00;0,00;0,00;1,00;0,00;0,00;0,00;0,00;0,00
2019-02-10;37,00;3,00;8,00;13,00;6,00;3,00;2,00;3,00;1,00;1,23;1,23;4,93;27,13;2,00;3,00;8,00;1,00;2,18;0,00;74,00;0,00;2,00;4,00;0,00;6,00;1,00;1,00;0,00;1,00;2,00;2,00;2,00;3,00;2,00;0,00;0,00;1,00;0,00;0,00;0,00;0,00;0,00
2019-02-17;26,00;7,00;4,00;7,00;6,00;1,00;2,00;6,00;0,00;2,60;0,00;13,00;23,40;2,00;2,00;7,00;1,00;4,33;2,17;84,50;0,00;0,00;4,00;2,00;7,00;1,00;0,00;6,00;0,00;4,00;6,00;1,00;3,00;0,00;0,00;0,00;2,00;0,00;0,00;0,00;0,00;0,00
2019-02-24;35,00;4,00;8,00;10,00;11,00;0,00;0,00;4,00;0,00;2,50;1,25;5,00;25,00;1,00;0,00;10,00;3,00;2,19;0,00;78,75;2,19;0,00;7,00;1,00;6,00;2,00;1,00;1,00;0,00;1,00;7,00;3,00;3,00;3,00;0,00;0,00;0,00;8,00;0,00;0,00;1,00;0,00
2019-03-03;43,00;11,00;5,00;9,00;7,00;1,00;2,00;4,00;1,00;0,00;1,26;10,12;27,82;2,00;1,00;5,00;4,00;2,15;2,15;66,65;2,15;0,00;1,00;0,00;5,00;0,00;2,00;2,00;1,00;1,00;0,00;1,00;0,00;0,00;0,00;1,00;1,00;8,00;0,00;0,00;0,00;0,00
2019-03-10;32,00;2,00;13,00;5,00;8,00;6,00;3,00;7,00;0,00;2,46;1,23;12,31;32,00;2,00;2,00;7,00;7,00;2,13;0,00;49,07;0,00;0,00;3,00;0,00;5,00;0,00;0,00;3,00;2,00;1,00;3,00;0,00;2,00;1,00;0,00;0,00;0,00;2,00;0,00;0,00;0,00;0,00
2019-03-17;19,00;3,00;0,00;6,00;8,00;1,00;1,00;3,00;1,00;0,00;0,00;2,71;21,71;1,00;0,00;6,00;2,00;4,22;0,00;44,33;2,11;1,00;0,00;0,00;0,00;0,00;1,00;0,00;0,00;2,00;6,00;1,00;0,00;1,00;0,00;0,00;1,00;2,00;0,00;0,00;0,00;0,00
2019-03-24;25,00;2,00;6,00;7,00;2,00;4,00;0,00;1,00;0,00;2,50;0,00;10,00;30,00;1,00;1,00;5,00;0,00;0,00;2,27;54,55;0,00;0,00;1,00;0,00;0,00;0,00;0,00;1,00;0,00;1,00;5,00;1,00;2,00;0,00;0,00;1,00;2,00;0,00;0,00;0,00;1,00;0,00
2019-03-31;32,00;1,00;0,00;3,00;3,00;1,00;1,00;3,00;0,00;0,00;0,00;9,85;29,54;1,00;0,00;2,00;0,00;2,13;0,00;40,53;0,00;0,00;6,00;0,00;2,00;0,00;0,00;2,00;1,00;3,00;1,00;1,00;5,00;0,00;0,00;0,00;1,00;0,00;1,00;0,00;0,00;0,00
2019-04-07;26,00;2,00;2,00;18,00;2,00;1,00;0,00;1,00;0,00;1,30;0,00;5,20;20,80;1,00;0,00;2,00;3,00;0,00;0,00;39,00;2,17;0,00;1,00;2,00;1,00;1,00;1,00;3,00;3,00;0,00;0,00;1,00;2,00;0,00;0,00;0,00;0,00;0,00;0,00;0,00;0,00;0,00
2019-04-14;36,00;4,00;2,00;4,00;5,00;2,00;0,00;2,00;0,00;0,00;1,29;5,14;23,14;1,00;1,00;0,00;0,00;2,12;0,00;38,12;0,00;0,00;1,00;1,00;0,00;0,00;0,00;0,00;0,00;0,00;1,00;0,00;6,00;2,00;0,00;0,00;1,00;0,00;0,00;0,00;0,00;0,00
2019-04-21;41,00;5,00;4,00;12,00;4,00;0,00;1,00;2,00;0,00;2,41;4,82;2,41;21,71;1,00;0,00;2,00;5,00;0,00;0,00;53,95;0,00;0,00;0,00;1,00;0,00;0,00;1,00;0,00;0,00;1,00;6,00;1,00;6,00;0,00;0,00;1,00;0,00;1,00;0,00;0,00;0,00;0,00
2019-04-28;30,00;3,00;1,00;5,00;2,00;2,00;1,00;2,00;0,00;1,25;0,00;2,50;12,50;0,00;0,00;1,00;6,00;0,00;0,00;49,29;2,14;0,00;0,00;0,00;2,00;0,00;0,00;1,00;0,00;1,00;1,00;0,00;3,00;0,00;0,00;1,00;6,00;0,00;0,00;0,00;0,00;0,00
2019-05-05;16,00;1,00;0,00;11,00;1,00;2,00;1,00;3,00;0,00;1,33;0,00;2,67;18,67;1,00;0,00;3,00;2,00;0,00;0,00;48,00;2,29;0,00;1,00;2,00;1,00;1,00;0,00;0,00;0,00;2,00;2,00;0,00;1,00;0,00;0,00;0,00;0,00;0,00;1,00;0,00;0,00;0,00
2019-05-12;18,00;1,00;5,00;7,00;1,00;1,00;0,00;0,00;0,00;0,00;0,00;0,00;15,43;0,00;0,00;2,00;3,00;2,25;0,00;38,25;2,25;0,00;1,00;1,00;0,00;0,00;0,00;0,00;1,00;0,00;1,00;0,00;3,00;0,00;0,00;0,00;1,00;0,00;0,00;0,00;0,00;0,00
2019-05-19;10,00;0,00;2,00;9,00;1,00;2,00;2,00;3,00;0,00;0,00;0,00;5,00;15,00;5,00;0,00;2,00;5,00;0,00;0,00;28,00;0,00;0,00;0,00;0,00;1,00;1,00;0,00;0,00;1,00;0,00;1,00;0,00;1,00;0,00;0,00;2,00;0,00;0,00;0,00;0,00;0,00;0,00
2019-05-26;17,00;0,00;2,00;8,00;2,00;2,00;0,00;3,00;0,00;0,00;1,21;0,00;12,14;0,00;0,00;5,00;3,00;0,00;0,00;29,75;0,00;0,00;0,00;2,00;1,00;0,00;0,00;0,00;0,00;0,00;1,00;0,00;2,00;0,00;0,00;0,00;0,00;0,00;0,00;0,00;0,00;0,00
2019-06-02;21,00;0,00;6,00;5,00;0,00;5,00;0,00;0,00;0,00;1,31;0,00;2,63;18,38;0,00;1,00;3,00;5,00;4,20;0,00;33,60;0,00;0,00;0,00;5,00;1,00;1,00;0,00;0,00;0,00;1,00;3,00;1,00;1,00;1,00;0,00;2,00;0,00;0,00;0,00;0,00;0,00;0,00
2019-06-09;23,00;1,00;5,00;12,00;2,00;5,00;1,00;3,00;0,00;2,56;1,28;5,11;28,11;5,00;0,00;0,00;7,00;2,09;0,00;37,64;0,00;0,00;5,00;0,00;0,00;1,00;1,00;0,00;1,00;1,00;5,00;0,00;3,00;0,00;0,00;2,00;0,00;0,00;0,00;0,00;0,00;0,00
2019-06-16;37,00;0,00;7,00;30,00;3,00;3,00;0,00;5,00;0,00;0,00;0,00;7,40;24,67;1,00;0,00;2,00;5,00;2,18;0,00;52,24;2,18;0,00;6,00;1,00;0,00;0,00;0,00;0,00;0,00;1,00;7,00;0,00;5,00;0,00;0,00;5,00;1,00;2,00;0,00;0,00;0,00;0,00
2019-06-23;27,00;1,00;7,00;20,00;1,00;4,00;0,00;8,00;0,00;0,00;0,00;4,91;27,00;0,00;0,00;5,00;5,00;4,50;0,00;54,00;2,25;0,00;1,00;2,00;0,00;4,00;1,00;0,00;1,00;1,00;2,00;0,00;5,00;2,00;0,00;1,00;2,00;4,00;1,00;0,00;0,00;0,00
2019-06-30;39,00;3,00;5,00;28,00;1,00;1,00;1,00;2,00;0,00;1,30;0,00;10,40;31,20;2,00;3,00;5,00;6,00;2,17;2,17;62,83;0,00;0,00;2,00;1,00;2,00;0,00;1,00;1,00;1,00;1,00;6,00;0,00;12,00;1,00;0,00;0,00;0,00;0,00;0,00;0,00;0,00;0,00
2019-07-07;48,00;0,00;9,00;17,00;2,00;8,00;0,00;4,00;0,00;0,00;0,00;2,53;35,37;3,00;0,00;7,00;6,00;6,55;0,00;50,18;6,55;0,00;1,00;1,00;2,00;0,00;0,00;1,00;1,00;2,00;3,00;0,00;9,00;2,00;0,00;2,00;1,00;0,00;1,00;0,00;0,00;0,00
2019-07-14;53,00;0,00;8,00;23,00;5,00;5,00;2,00;7,00;0,00;2,52;0,00;5,05;42,90;3,00;0,00;10,00;11,00;2,21;0,00;70,67;2,21;0,00;1,00;6,00;1,00;0,00;0,00;0,00;2,00;0,00;7,00;0,00;5,00;0,00;1,00;2,00;1,00;0,00;0,00;0,00;0,00;0,00
2019-07-21;51,00;14,00;15,00;20,00;2,00;19,00;1,00;5,00;1,00;0,00;0,00;7,29;242,86;2,00;0,00;2,00;11,00;2,13;4,25;80,75;2,13;0,00;0,00;4,00;6,00;0,00;2,00;2,00;11,00;2,00;8,00;4,00;6,00;2,00;0,00;2,00;1,00;0,00;0,00;0,00;0,00;0,00
2019-07-28;47,00;2,00;4,00;23,00;4,00;2,00;2,00;2,00;0,00;0,00;0,00;9,89;86,58;0,00;5,00;7,00;6,00;2,14;2,14;79,05;2,14;0,00;1,00;1,00;1,00;0,00;1,00;2,00;1,00;1,00;12,00;0,00;6,00;4,00;0,00;5,00;2,00;1,00;0,00;0,00;0,00;0,00
2019-08-04;82,00;0,00;1,00;25,00;5,00;6,00;0,00;9,00;0,00;0,00;1,24;12,42;44,73;4,00;1,00;2,00;12,00;2,16;2,16;84,16;4,32;0,00;0,00;5,00;4,00;2,00;0,00;1,00;0,00;9,00;6,00;4,00;6,00;0,00;1,00;5,00;1,00;0,00;0,00;0,00;0,00;0,00
2019-08-11;74,00;1,00;5,00;18,00;5,00;7,00;0,00;9,00;1,00;2,47;2,47;9,87;54,27;7,00;1,00;7,00;9,00;2,18;0,00;117,53;2,18;0,00;0,00;4,00;3,00;3,00;1,00;3,00;1,00;4,00;3,00;1,00;3,00;1,00;0,00;1,00;0,00;0,00;0,00;0,00;0,00;0,00
2019-08-18;63,00;1,00;4,00;7,00;1,00;4,00;1,00;2,00;0,00;0,00;0,00;5,04;42,84;1,00;1,00;7,00;8,00;2,17;2,17;95,59;0,00;0,00;0,00;5,00;2,00;0,00;4,00;2,00;5,00;2,00;11,00;1,00;2,00;2,00;0,00;0,00;1,00;0,00;0,00;0,00;0,00;0,00
2019-08-25;51,00;0,00;1,00;12,00;2,00;2,00;0,00;8,00;0,00;2,55;1,28;5,10;33,15;2,00;2,00;3,00;5,00;0,00;0,00;102,00;0,00;0,00;1,00;1,00;1,00;0,00;0,00;1,00;0,00;2,00;3,00;1,00;5,00;0,00;1,00;1,00;0,00;0,00;0,00;0,00;0,00;0,00
2019-09-01;34,00;1,00;1,00;2,00;3,00;3,00;1,00;3,00;0,00;0,00;0,00;4,86;21,86;1,00;0,00;5,00;7,00;1,06;0,00;57,38;0,00;0,00;0,00;1,00;0,00;1,00;0,00;2,00;1,00;1,00;1,00;1,00;4,00;0,00;0,00;1,00;5,00;0,00;0,00;0,00;0,00;0,00
2019-09-08;37,00;3,00;0,00;5,00;4,00;2,00;0,00;5,00;2,00;0,00;2,47;4,93;19,73;1,00;0,00;8,00;4,00;4,35;0,00;54,41;0,00;0,00;0,00;2,00;2,00;1,00;0,00;0,00;2,00;4,00;4,00;0,00;4,00;1,00;0,00;1,00;1,00;0,00;0,00;0,00;0,00;0,00
2019-09-15;32,00;1,00;8,00;9,00;2,00;0,00;0,00;3,00;1,00;2,46;0,00;7,38;22,15;2,00;0,00;0,00;6,00;2,13;0,00;44,80;0,00;0,00;2,00;0,00;2,00;0,00;0,00;2,00;0,00;3,00;3,00;0,00;5,00;0,00;0,00;1,00;3,00;1,00;0,00;0,00;0,00;0,00
2019-09-22;31,00;4,00;4,00;6,00;3,00;2,00;1,00;1,00;1,00;1,29;0,00;5,17;33,58;4,00;1,00;3,00;4,00;4,43;1,11;66,43;0,00;0,00;1,00;2,00;4,00;0,00;1,00;1,00;2,00;2,00;0,00;1,00;5,00;1,00;1,00;2,00;2,00;0,00;0,00;0,00;0,00;0,00
2019-09-29;31,00;1,00;1,00;4,00;6,00;2,00;0,00;3,00;0,00;2,38;0,00;2,38;14,31;1,00;0,00;6,00;8,00;2,21;0,00;57,57;0,00;0,00;1,00;1,00;3,00;2,00;0,00;1,00;2,00;0,00;6,00;1,00;4,00;2,00;0,00;1,00;1,00;2,00;0,00;0,00;0,00;0,00
2019-10-06;36,00;1,00;2,00;5,00;3,00;0,00;1,00;4,00;0,00;0,00;0,00;2,40;21,60;0,00;0,00;8,00;7,00;6,35;0,00;42,35;2,12;0,00;1,00;0,00;1,00;0,00;0,00;0,00;1,00;3,00;11,00;0,00;7,00;0,00;0,00;0,00;1,00;0,00;0,00;0,00;0,00;0,00
2019-10-13;35,00;5,00;0,00;9,00;3,00;5,00;0,00;3,00;2,00;1,25;2,50;5,00;15,00;1,00;0,00;2,00;4,00;2,19;0,00;45,94;0,00;0,00;1,00;2,00;1,00;0,00;0,00;2,00;2,00;0,00;2,00;1,00;2,00;0,00;0,00;0,00;0,00;1,00;0,00;0,00;0,00;0,00
2019-10-20;31,00;3,00;2,00;12,00;1,00;2,00;1,00;6,00;0,00;0,00;1,29;1,29;25,83;1,00;2,00;2,00;5,00;1,11;0,00;50,93;1,11;0,00;1,00;2,00;3,00;1,00;2,00;1,00;3,00;2,00;6,00;0,00;2,00;1,00;0,00;0,00;0,00;0,00;0,00;0,00;1,00;0,00
2019-10-27;42,00;1,00;0,00;10,00;2,00;3,00;1,00;2,00;1,00;1,24;0,00;2,47;24,71;1,00;0,00;5,00;2,00;4,42;0,00;64,11;0,00;0,00;5,00;2,00;3,00;0,00;2,00;1,00;1,00;4,00;5,00;0,00;1,00;0,00;0,00;3,00;2,00;0,00;0,00;0,00;0,00;0,00
2019-11-03;30,00;1,00;5,00;4,00;4,00;4,00;2,00;5,00;1,00;2,50;1,25;1,25;25,00;1,00;0,00;11,00;6,00;2,14;1,07;75,00;0,00;0,00;3,00;0,00;0,00;0,00;1,00;0,00;1,00;0,00;2,00;5,00;5,00;0,00;0,00;0,00;3,00;0,00;1,00;0,00;0,00;0,00
2019-11-10;40,00;2,00;3,00;7,00;5,00;4,00;0,00;1,00;1,00;1,25;0,00;7,50;22,50;0,00;1,00;5,00;6,00;2,22;0,00;71,11;1,11;0,00;5,00;2,00;2,00;0,00;0,00;0,00;1,00;4,00;3,00;2,00;1,00;1,00;1,00;0,00;4,00;0,00;0,00;0,00;0,00;0,00
2019-11-17;30,00;4,00;1,00;9,00;3,00;2,00;2,00;3,00;0,00;1,25;0,00;2,50;37,50;1,00;0,00;6,00;2,00;2,14;0,00;92,14;0,00;0,00;4,00;0,00;0,00;0,00;1,00;1,00;1,00;4,00;4,00;3,00;3,00;1,00;0,00;0,00;1,00;0,00;0,00;0,00;0,00;0,00
2019-11-24;34,00;3,00;2,00;6,00;8,00;5,00;3,00;2,00;0,00;4,86;0,00;2,43;29,14;0,00;0,00;11,00;2,00;1,06;0,00;80,75;0,00;1,00;6,00;1,00;0,00;1,00;0,00;0,00;1,00;3,00;5,00;0,00;2,00;2,00;0,00;0,00;2,00;0,00;0,00;0,00;0,00;1,00
2019-12-01;31,00;3,00;6,00;14,00;1,00;3,00;0,00;3,00;2,00;0,00;0,00;9,54;23,85;1,00;0,00;7,00;5,00;2,21;0,00;95,21;0,00;1,00;4,00;2,00;3,00;1,00;0,00;2,00;3,00;4,00;4,00;1,00;4,00;0,00;0,00;0,00;1,00;0,00;1,00;0,00;0,00;0,00
2019-12-08;41,00;3,00;3,00;17,00;7,00;4,00;2,00;3,00;2,00;1,21;0,00;2,41;28,94;1,00;0,00;8,00;3,00;2,16;2,16;146,74;2,16;0,00;5,00;1,00;5,00;0,00;1,00;4,00;3,00;5,00;5,00;3,00;1,00;2,00;0,00;0,00;3,00;0,00;1,00;0,00;0,00;0,00
2019-12-15;48,00;6,00;6,00;14,00;4,00;5,00;2,00;2,00;1,00;2,53;0,00;7,58;17,68;2,00;2,00;3,00;4,00;2,18;2,18;141,82;0,00;0,00;8,00;3,00;4,00;1,00;0,00;3,00;4,00;2,00;13,00;1,00;2,00;1,00;1,00;0,00;0,00;0,00;0,00;1,00;0,00;0,00
2019-12-22;64,00;9,00;6,00;10,00;4,00;3,00;3,00;8,00;1,00;0,00;0,00;7,38;36,92;4,00;0,00;23,00;0,00;0,00;0,00;172,80;0,00;1,00;5,00;3,00;6,00;3,00;0,00;1,00;3,00;5,00;15,00;6,00;4,00;1,00;0,00;0,00;5,00;3,00;1,00;0,00;0,00;0,00
2019-12-29;96,00;4,00;7,00;19,00;7,00;5,00;6,00;6,00;0,00;7,38;1,23;9,85;54,15;1,00;2,00;26,00;6,00;4,36;0,00;218,18;2,18;0,00;12,00;1,00;6,00;4,00;1,00;4,00;2,00;9,00;9,00;4,00;6,00;0,00;0,00;0,00;4,00;0,00;0,00;0,00;0,00;0,00
2020-01-05;41,00;7,00;7,00;7,00;6,00;2,00;1,00;9,00;0,00;2,56;2,56;7,69;30,75;1,00;0,00;6,00;3,00;0,00;0,00;94,95;0,00;1,00;10,00;0,00;5,00;1,00;0,00;1,00;0,00;7,00;8,00;0,00;0,00;1,00;0,00;1,00;1,00;2,00;0,00;0,00;0,00;0,00
2020-01-12;43,00;5,00;3,00;10,00;5,00;1,00;0,00;15,00;0,00;1,26;0,00;7,59;30,35;31,00;1,00;8,00;6,00;2,15;0,00;96,75;0,00;1,00;5,00;1,00;7,00;0,00;2,00;1,00;1,00;2,00;10,00;4,00;3,00;1,00;0,00;2,00;5,00;0,00;0,00;0,00;0,00;0,00
2020-01-19;35,00;3,00;4,00;7,00;3,00;0,00;2,00;4,00;0,00;2,50;0,00;7,50;30,00;4,00;1,00;6,00;3,00;2,19;0,00;96,25;2,19;1,00;3,00;4,00;6,00;0,00;2,00;1,00;1,00;5,00;10,00;2,00;3,00;3,00;0,00;2,00;1,00;0,00;0,00;0,00;0,00;0,00
2020-01-26;35,00;2,00;6,00;10,00;3,00;2,00;2,00;15,00;1,00;5,00;1,25;7,50;30,00;5,00;1,00;14,00;2,00;4,38;2,19;74,38;1,09;0,00;5,00;1,00;7,00;0,00;1,00;5,00;1,00;3,00;5,00;3,00;4,00;11,00;0,00;0,00;0,00;1,00;0,00;0,00;0,00;0,00
2020-02-02;34,00;4,00;4,00;13,00;8,00;3,00;1,00;6,00;0,00;1,21;0,00;4,86;29,14;2,00;1,00;7,00;8,00;1,06;0,00;80,75;0,00;0,00;2,00;2,00;7,00;0,00;0,00;1,00;2,00;1,00;6,00;2,00;14,00;1,00;0,00;0,00;0,00;0,00;0,00;0,00;0,00;0,00
2020-02-09;68,00;7,00;5,00;12,00;7,00;3,00;2,00;26,00;1,00;0,00;1,26;12,59;27,70;5,00;2,00;4,00;2,00;0,00;1,10;70,19;0,00;1,00;3,00;1,00;3,00;0,00;2,00;1,00;1,00;2,00;5,00;3,00;3,00;0,00;0,00;2,00;0,00;0,00;0,00;0,00;1,00;0,00
2020-02-16;34,00;4,00;2,00;4,00;5,00;1,00;1,00;2,00;1,00;2,43;1,21;2,43;21,86;1,00;0,00;6,00;6,00;2,13;0,00;72,25;0,00;2,00;4,00;1,00;8,00;2,00;1,00;0,00;3,00;6,00;3,00;1,00;0,00;2,00;1,00;0,00;0,00;0,00;0,00;0,00;0,00;0,00
2020-02-23;31,00;4,00;5,00;4,00;3,00;0,00;1,00;3,00;1,00;2,58;1,29;7,75;18,08;2,00;0,00;9,00;2,00;2,21;0,00;79,71;1,11;0,00;2,00;1,00;4,00;2,00;0,00;1,00;1,00;2,00;7,00;7,00;0,00;0,00;0,00;1,00;4,00;0,00;0,00;0,00;0,00;0,00
2020-03-01;25,00;2,00;2,00;7,00;7,00;0,00;0,00;4,00;1,00;2,50;0,00;2,50;20,00;3,00;0,00;10,00;3,00;1,04;0,00;39,58;0,00;0,00;2,00;1,00;6,00;0,00;0,00;4,00;1,00;2,00;1,00;6,00;1,00;2,00;0,00;1,00;3,00;0,00;0,00;0,00;0,00;0,00
2020-03-08;19,00;3,00;6,00;4,00;6,00;3,00;1,00;0,00;0,00;0,00;0,00;7,13;11,88;0,00;2,00;4,00;0,00;0,00;0,00;27,44;0,00;1,00;5,00;2,00;2,00;2,00;0,00;0,00;2,00;0,00;5,00;2,00;1,00;0,00;0,00;0,00;0,00;1,00;0,00;0,00;0,00;0,00
2020-03-15;14,00;3,00;5,00;5,00;9,00;1,00;1,00;2,00;0,00;0,00;0,00;4,67;16,33;1,00;0,00;3,00;5,00;0,00;0,00;25,67;0,00;0,00;0,00;0,00;0,00;0,00;0,00;2,00;0,00;1,00;3,00;0,00;1,00;0,00;0,00;0,00;1,00;0,00;0,00;0,00;0,00;0,00
2020-03-22;15,00;1,00;3,00;2,00;44,00;1,00;0,00;1,00;0,00;1,25;0,00;2,50;10,00;0,00;1,00;2,00;1,00;0,00;0,00;17,14;0,00;0,00;2,00;0,00;1,00;0,00;0,00;0,00;0,00;1,00;1,00;0,00;1,00;0,00;0,00;0,00;1,00;0,00;0,00;0,00;0,00;0,00
2020-03-29;6,00;0,00;3,00;1,00;17,00;1,00;0,00;1,00;0,00;0,00;0,00;1,50;9,00;2,00;0,00;4,00;2,00;0,00;0,00;20,00;0,00;0,00;1,00;0,00;0,00;0,00;0,00;0,00;0,00;1,00;1,00;1,00;0,00;0,00;0,00;0,00;0,00;0,00;0,00;0,00;0,00;0,00
2020-04-05;2,00;0,00;4,00;4,00;5,00;0,00;1,00;0,00;0,00;2,00;0,00;0,00;6,00;1,00;0,00;0,00;1,00;0,00;0,00;12,00;0,00;0,00;1,00;0,00;3,00;0,00;0,00;0,00;1,00;0,00;0,00;0,00;2,00;0,00;0,00;0,00;0,00;0,00;0,00;0,00;0,00;0,00
2020-04-12;7,00;0,00;1,00;5,00;0,00;0,00;0,00;2,00;0,00;0,00;0,00;0,00;7,00;0,00;0,00;1,00;1,00;0,00;0,00;21,00;0,00;0,00;0,00;0,00;0,00;0,00;0,00;0,00;1,00;3,00;1,00;0,00;1,00;0,00;0,00;0,00;2,00;0,00;0,00;0,00;0,00;0,00
2020-04-19;12,00;1,00;6,00;3,00;4,00;2,00;0,00;0,00;0,00;1,20;0,00;0,00;7,20;0,00;0,00;1,00;0,00;1,20;0,00;16,80;0,00;0,00;0,00;0,00;0,00;1,00;0,00;0,00;1,00;0,00;0,00;0,00;1,00;1,00;0,00;0,00;0,00;0,00;0,00;0,00;0,00;0,00
2020-04-26;6,00;0,00;6,00;10,00;1,00;0,00;0,00;1,00;0,00;0,00;1,00;1,00;6,00;0,00;0,00;2,00;0,00;1,00;0,00;10,00;1,00;0,00;0,00;0,00;0,00;0,00;1,00;0,00;0,00;0,00;1,00;1,00;0,00;0,00;0,00;0,00;1,00;0,00;0,00;0,00;0,00;0,00
2020-05-03;5,00;0,00;1,00;5,00;2,00;1,00;0,00;0,00;0,00;1,25;0,00;2,50;5,00;0,00;0,00;2,00;2,00;0,00;1,25;20,00;0,00;0,00;0,00;0,00;0,00;0,00;0,00;0,00;0,00;0,00;3,00;0,00;0,00;1,00;0,00;0,00;1,00;0,00;0,00;0,00;0,00;0,00
2020-05-10;3,00;0,00;3,00;1,00;1,00;0,00;0,00;1,00;0,00;0,00;1,50;1,50;6,00;0,00;0,00;5,00;2,00;0,00;0,00;24,00;1,50;0,00;3,00;0,00;0,00;1,00;0,00;0,00;0,00;1,00;0,00;0,00;0,00;0,00;0,00;0,00;1,00;0,00;0,00;0,00;0,00;0,00
2020-05-17;12,00;0,00;1,00;8,00;3,00;1,00;0,00;0,00;0,00;0,00;0,00;2,40;9,60;0,00;0,00;3,00;1,00;0,00;0,00;16,00;0,00;0,00;1,00;0,00;0,00;0,00;0,00;0,00;0,00;0,00;0,00;1,00;0,00;0,00;0,00;0,00;1,00;0,00;0,00;0,00;0,00;0,00
2020-05-24;6,00;1,00;2,00;5,00;2,00;1,00;1,00;0,00;0,00;0,00;0,00;3,00;15,00;1,00;1,00;1,00;1,00;1,00;0,00;20,00;0,00;0,00;0,00;1,00;0,00;0,00;1,00;0,00;0,00;0,00;0,00;0,00;1,00;0,00;0,00;0,00;0,00;0,00;0,00;0,00;0,00;0,00
2020-05-31;14,00;0,00;2,00;5,00;1,00;1,00;1,00;0,00;0,00;0,00;0,00;2,33;9,33;0,00;0,00;0,00;0,00;0,00;0,00;16,00;0,00;0,00;2,00;0,00;1,00;0,00;0,00;1,00;0,00;1,00;0,00;1,00;2,00;0,00;0,00;0,00;0,00;0,00;0,00;0,00;0,00;0,00
2020-06-07;7,00;0,00;3,00;13,00;1,00;3,00;0,00;3,00;0,00;1,17;0,00;1,17;14,00;1,00;0,00;8,00;0,00;1,17;0,00;25,67;0,00;0,00;1,00;0,00;1,00;1,00;0,00;0,00;1,00;0,00;1,00;0,00;0,00;0,00;0,00;0,00;1,00;0,00;0,00;0,00;0,00;0,00
2020-06-14;21,00;0,00;2,00;8,00;2,00;1,00;1,00;4,00;1,00;0,00;0,00;5,25;26,25;2,00;0,00;5,00;6,00;1,05;1,05;25,20;0,00;1,00;0,00;1,00;1,00;0,00;1,00;1,00;1,00;4,00;2,00;0,00;2,00;1,00;0,00;0,00;1,00;0,00;0,00;0,00;0,00;0,00
2020-06-21;21,00;0,00;2,00;9,00;2,00;4,00;0,00;2,00;0,00;0,00;0,00;2,33;23,33;1,00;1,00;8,00;2,00;2,10;2,10;18,90;0,00;0,00;0,00;0,00;0,00;0,00;0,00;0,00;2,00;0,00;2,00;1,00;5,00;0,00;0,00;0,00;5,00;0,00;0,00;0,00;0,00;0,00
2020-06-28;27,00;0,00;13,00;13,00;3,00;1,00;0,00;1,00;0,00;0,00;1,23;2,45;22,09;1,00;0,00;7,00;1,00;4,15;0,00;41,54;2,08;0,00;4,00;0,00;1,00;1,00;0,00;0,00;2,00;1,00;4,00;0,00;2,00;2,00;0,00;1,00;0,00;0,00;0,00;0,00;0,00;0,00
2020-07-05;40,00;0,00;7,00;15,00;4,00;3,00;2,00;3,00;1,00;0,00;0,00;1,25;20,00;0,00;0,00;10,00;2,00;2,11;0,00;37,89;0,00;0,00;1,00;2,00;2,00;1,00;1,00;0,00;0,00;1,00;2,00;1,00;2,00;0,00;0,00;0,00;2,00;0,00;0,00;0,00;0,00;0,00
2020-07-12;32,00;1,00;3,00;11,00;1,00;5,00;0,00;2,00;2,00;2,46;0,00;7,38;22,15;1,00;1,00;9,00;1,00;2,13;1,07;40,53;1,07;0,00;0,00;2,00;1,00;0,00;0,00;0,00;1,00;0,00;3,00;0,00;7,00;1,00;0,00;1,00;1,00;0,00;0,00;0,00;0,00;0,00
2020-07-19;47,00;1,00;2,00;10,00;4,00;4,00;1,00;5,00;0,00;0,00;0,00;9,89;27,21;2,00;1,00;3,00;4,00;2,14;0,00;53,41;0,00;0,00;1,00;2,00;3,00;0,00;1,00;0,00;2,00;1,00;2,00;1,00;1,00;2,00;0,00;1,00;0,00;0,00;0,00;0,00;0,00;0,00
2020-07-26;37,00;0,00;3,00;9,00;2,00;5,00;1,00;5,00;1,00;1,23;0,00;4,93;29,60;1,00;2,00;6,00;3,00;2,18;2,18;50,06;2,18;0,00;0,00;1,00;0,00;0,00;0,00;1,00;2,00;3,00;4,00;1,00;4,00;0,00;2,00;1,00;0,00;1,00;0,00;0,00;0,00;0,00
2020-08-02;58,00;0,00;8,00;19,00;3,00;4,00;1,00;3,00;0,00;0,00;0,00;7,57;42,87;2,00;1,00;12,00;3,00;1,07;0,00;66,59;1,07;0,00;3,00;2,00;3,00;0,00;1,00;0,00;4,00;3,00;4,00;0,00;5,00;1,00;0,00;3,00;0,00;0,00;0,00;0,00;0,00;0,00
2020-08-09;64,00;0,00;6,00;7,00;3,00;4,00;0,00;8,00;1,00;1,23;0,00;7,38;34,46;1,00;0,00;2,00;8,00;2,21;2,21;75,03;0,00;0,00;0,00;3,00;1,00;0,00;0,00;3,00;3,00;2,00;8,00;0,00;2,00;2,00;0,00;0,00;2,00;0,00;0,00;0,00;0,00;0,00
2020-08-16;62,00;1,00;2,00;9,00;4,00;8,00;2,00;2,00;0,00;1,24;0,00;2,48;22,32;2,00;2,00;12,00;7,00;2,14;0,00;76,97;0,00;1,00;2,00;3,00;4,00;1,00;0,00;0,00;1,00;4,00;1,00;1,00;1,00;2,00;0,00;0,00;4,00;0,00;0,00;0,00;0,00;0,00
2020-08-23;39,00;1,00;0,00;1,00;1,00;1,00;1,00;1,00;0,00;2,44;1,22;2,44;29,25;1,00;3,00;6,00;4,00;1,08;0,00;45,50;1,08;2,00;2,00;0,00;1,00;1,00;0,00;0,00;1,00;1,00;1,00;2,00;6,00;1,00;1,00;1,00;1,00;1,00;0,00;0,00;0,00;0,00
2020-08-30;25,00;0,00;3,00;2,00;1,00;0,00;0,00;3,00;0,00;1,25;0,00;7,50;32,50;0,00;1,00;6,00;2,00;2,08;0,00;58,33;1,04;0,00;1,00;2,00;1,00;0,00;0,00;3,00;0,00;3,00;2,00;1,00;7,00;1,00;0,00;0,00;1,00;1,00;0,00;0,00;0,00;0,00
2020-09-06;24,00;0,00;0,00;3,00;4,00;3,00;0,00;2,00;1,00;1,33;0,00;2,67;26,67;0,00;0,00;8,00;7,00;1,09;0,00;45,82;0,00;0,00;1,00;2,00;1,00;1,00;1,00;0,00;0,00;0,00;3,00;0,00;4,00;0,00;0,00;3,00;4,00;0,00;0,00;0,00;0,00;0,00
2020-09-13;17,00;1,00;4,00;3,00;2,00;1,00;0,00;1,00;1,00;0,00;1,21;2,43;26,71;0,00;1,00;4,00;8,00;2,13;1,06;44,63;0,00;0,00;2,00;4,00;0,00;0,00;1,00;9,00;1,00;0,00;4,00;0,00;4,00;1,00;0,00;0,00;1,00;0,00;0,00;0,00;0,00;0,00
2020-09-20;18,00;3,00;4,00;2,00;2,00;2,00;2,00;4,00;1,00;2,57;0,00;2,57;15,43;1,00;0,00;4,00;2,00;2,25;0,00;40,50;0,00;0,00;2,00;1,00;1,00;1,00;0,00;2,00;1,00;1,00;0,00;0,00;1,00;1,00;0,00;0,00;3,00;0,00;0,00;0,00;0,00;0,00
2020-09-27;12,00;4,00;1,00;3,00;1,00;1,00;0,00;4,00;1,00;0,00;0,00;2,40;24,00;1,00;0,00;6,00;2,00;1,00;0,00;38,00;0,00;0,00;0,00;1,00;0,00;1,00;0,00;1,00;0,00;4,00;3,00;0,00;4,00;1,00;0,00;0,00;4,00;0,00;0,00;0,00;0,00;0,00
2020-10-04;14,00;3,00;0,00;6,00;3,00;1,00;0,00;3,00;0,00;0,00;0,00;2,33;21,00;0,00;0,00;8,00;4,00;0,00;0,00;32,00;0,00;0,00;2,00;1,00;1,00;0,00;0,00;0,00;0,00;1,00;0,00;0,00;2,00;0,00;0,00;0,00;3,00;0,00;0,00;0,00;0,00;0,00
2020-10-11;15,00;2,00;1,00;4,00;1,00;2,00;0,00;3,00;0,00;0,00;1,25;0,00;15,00;0,00;0,00;3,00;2,00;1,07;0,00;42,86;0,00;0,00;1,00;2,00;1,00;0,00;0,00;1,00;2,00;2,00;1,00;1,00;4,00;1,00;0,00;1,00;4,00;0,00;0,00;0,00;0,00;0,00
2020-10-18;15,00;1,00;0,00;2,00;0,00;2,00;0,00;0,00;0,00;1,25;0,00;2,50;20,00;2,00;0,00;5,00;2,00;0,00;0,00;23,57;0,00;0,00;0,00;1,00;0,00;0,00;0,00;0,00;0,00;1,00;1,00;1,00;1,00;0,00;0,00;0,00;1,00;1,00;0,00;0,00;0,00;0,00
2020-10-25;10,00;1,00;2,00;4,00;2,00;2,00;0,00;4,00;0,00;1,25;0,00;1,25;12,50;1,00;0,00;6,00;2,00;0,00;0,00;30,00;0,00;0,00;0,00;0,00;1,00;0,00;0,00;1,00;0,00;1,00;0,00;0,00;1,00;0,00;0,00;0,00;2,00;0,00;0,00;0,00;0,00;0,00
2020-11-01;25,00;0,00;4,00;1,00;2,00;2,00;0,00;1,00;0,00;0,00;0,00;1,25;10,00;0,00;1,00;1,00;0,00;0,00;0,00;20,83;0,00;0,00;0,00;1,00;0,00;1,00;0,00;1,00;0,00;0,00;0,00;0,00;1,00;0,00;0,00;0,00;0,00;0,00;0,00;0,00;0,00;0,00
2020-11-08;14,00;0,00;3,00;3,00;1,00;0,00;0,00;0,00;0,00;0,00;0,00;1,17;14,00;0,00;2,00;1,00;1,00;0,00;0,00;35,00;0,00;0,00;0,00;0,00;0,00;0,00;0,00;1,00;0,00;1,00;1,00;0,00;0,00;0,00;1,00;1,00;1,00;0,00;0,00;0,00;0,00;0,00
2020-11-15;7,00;2,00;4,00;3,00;0,00;1,00;0,00;0,00;0,00;0,00;0,00;1,17;14,00;1,00;0,00;5,00;1,00;0,00;0,00;21,00;0,00;0,00;1,00;0,00;0,00;0,00;0,00;1,00;0,00;1,00;0,00;0,00;0,00;0,00;0,00;0,00;1,00;0,00;0,00;0,00;0,00;0,00
2020-11-22;9,00;1,00;1,00;3,00;7,00;0,00;0,00;0,00;0,00;0,00;0,00;2,25;24,75;0,00;0,00;5,00;1,00;1,13;0,00;49,50;0,00;0,00;0,00;0,00;0,00;0,00;0,00;1,00;1,00;0,00;2,00;0,00;1,00;0,00;0,00;0,00;1,00;0,00;0,00;0,00;0,00;0,00
2020-11-29;17,00;1,00;2,00;2,00;4,00;0,00;0,00;2,00;0,00;1,21;0,00;2,43;31,57;0,00;1,00;3,00;1,00;0,00;0,00;68,00;0,00;1,00;1,00;1,00;1,00;0,00;0,00;0,00;2,00;0,00;0,00;1,00;2,00;0,00;0,00;1,00;5,00;0,00;0,00;0,00;0,00;0,00
2020-12-06;16,00;0,00;2,00;5,00;1,00;0,00;0,00;0,00;0,00;0,00;0,00;2,67;26,67;0,00;0,00;18,00;0,00;0,00;0,00;64,00;0,00;0,00;11,00;0,00;3,00;0,00;0,00;1,00;7,00;2,00;1,00;0,00;1,00;0,00;0,00;0,00;1,00;0,00;0,00;0,00;0,00;0,00
2020-12-13;4,00;3,00;2,00;7,00;3,00;2,00;0,00;1,00;0,00;0,00;0,00;0,00;14,00;0,00;0,00;3,00;0,00;0,00;0,00;30,00;0,00;0,00;7,00;1,00;2,00;0,00;0,00;0,00;8,00;0,00;0,00;1,00;1,00;0,00;0,00;0,00;3,00;0,00;0,00;0,00;0,00;0,00
2020-12-20;9,00;3,00;0,00;2,00;0,00;0,00;0,00;1,00;0,00;0,00;0,00;1,13;18,00;0,00;0,00;5,00;1,00;0,00;0,00;63,00;0,00;0,00;2,00;0,00;1,00;0,00;0,00;0,00;10,00;1,00;2,00;0,00;0,00;0,00;0,00;0,00;2,00;1,00;0,00;0,00;0,00;0,00
2020-12-27;21,00;2,00;4,00;1,00;3,00;2,00;0,00;2,00;1,00;2,63;1,31;1,31;23,63;0,00;0,00;18,00;1,00;2,10;2,10;75,60;0,00;0,00;2,00;0,00;0,00;0,00;0,00;1,00;1,00;3,00;1,00;2,00;1,00;0,00;0,00;1,00;3,00;1,00;0,00;0,00;0,00;0,00
2021-01-03;15,00;2,00;2,00;3,00;0,00;2,00;0,00;2,00;0,00;1,25;0,00;22,50;12,50;1,00;0,00;6,00;0,00;1,07;0,00;62,14;0,00;1,00;2,00;0,00;1,00;0,00;0,00;1,00;0,00;0,00;2,00;0,00;1,00;1,00;0,00;0,00;3,00;0,00;0,00;0,00;0,00;0,00
2021-01-10;7,00;1,00;2,00;2,00;0,00;2,00;0,00;1,00;0,00;2,33;0,00;16,33;11,67;79,00;2,00;10,00;3,00;1,17;1,17;51,33;0,00;0,00;1,00;0,00;0,00;0,00;0,00;0,00;0,00;0,00;1,00;1,00;0,00;1,00;0,00;1,00;3,00;0,00;0,00;0,00;0,00;0,00
2021-01-17;11,00;1,00;1,00;2,00;2,00;0,00;0,00;0,00;0,00;0,00;0,00;2,75;11,00;19,00;0,00;6,00;2,00;0,00;0,00;143,00;0,00;0,00;3,00;0,00;0,00;0,00;0,00;0,00;0,00;1,00;5,00;0,00;1,00;0,00;0,00;0,00;0,00;0,00;0,00;0,00;0,00;0,00
2021-01-24;31,00;0,00;1,00;4,00;2,00;0,00;0,00;0,00;0,00;0,00;0,00;2,58;12,92;0,00;2,00;4,00;0,00;1,11;0,00;44,29;0,00;0,00;3,00;0,00;0,00;0,00;0,00;0,00;0,00;1,00;5,00;2,00;1,00;2,00;0,00;0,00;1,00;1,00;0,00;0,00;0,00;0,00
2021-01-31;29,00;0,00;1,00;4,00;1,00;0,00;1,00;0,00;1,00;0,00;0,00;0,00;9,67;0,00;0,00;11,00;0,00;0,00;0,00;44,62;0,00;0,00;2,00;1,00;0,00;0,00;0,00;2,00;0,00;2,00;3,00;0,00;7,00;0,00;0,00;0,00;0,00;1,00;0,00;0,00;0,00;0,00
2021-02-07;7,00;1,00;1,00;5,00;3,00;0,00;1,00;1,00;0,00;1,17;0,00;1,17;9,33;0,00;0,00;5,00;0,00;0,00;0,00;51,33;0,00;0,00;0,00;0,00;0,00;0,00;0,00;1,00;1,00;1,00;1,00;0,00;1,00;0,00;0,00;2,00;1,00;2,00;0,00;0,00;0,00;0,00
2021-02-14;12,00;1,00;2,00;2,00;7,00;0,00;0,00;1,00;0,00;0,00;0,00;0,00;7,20;0,00;0,00;10,00;1,00;0,00;0,00;74,40;0,00;0,00;0,00;1,00;0,00;0,00;0,00;0,00;1,00;1,00;1,00;1,00;1,00;0,00;0,00;0,00;0,00;1,00;0,00;0,00;0,00;0,00
2021-02-21;11,00;0,00;1,00;4,00;0,00;0,00;0,00;0,00;0,00;1,38;0,00;0,00;19,25;1,00;0,00;9,00;0,00;1,10;0,00;48,40;1,10;0,00;2,00;1,00;0,00;0,00;0,00;2,00;0,00;1,00;1,00;0,00;1,00;0,00;0,00;0,00;3,00;0,00;0,00;0,00;0,00;0,00
2021-02-28;9,00;0,00;1,00;1,00;1,00;0,00;0,00;14,00;0,00;0,00;0,00;0,00;15,75;1,00;0,00;1,00;0,00;2,25;0,00;20,25;0,00;0,00;0,00;0,00;0,00;0,00;0,00;0,00;0,00;1,00;1,00;0,00;1,00;0,00;0,00;0,00;0,00;0,00;0,00;0,00;0,00;0,00
2021-03-07;8,00;0,00;0,00;2,00;1,00;2,00;0,00;6,00;0,00;1,33;0,00;2,67;5,33;0,00;0,00;3,00;0,00;0,00;0,00;16,00;0,00;0,00;0,00;0,00;1,00;0,00;0,00;1,00;0,00;0,00;1,00;2,00;0,00;0,00;0,00;0,00;2,00;0,00;0,00;0,00;0,00;0,00
2021-03-14;10,00;0,00;1,00;4,00;0,00;1,00;0,00;0,00;0,00;0,00;0,00;1,25;15,00;2,00;0,00;3,00;3,00;0,00;0,00;30,00;0,00;0,00;0,00;1,00;0,00;0,00;0,00;0,00;0,00;1,00;3,00;0,00;0,00;1,00;0,00;2,00;1,00;0,00;0,00;0,00;0,00;0,00
2021-03-21;9,00;1,00;1,00;3,00;1,00;0,00;0,00;0,00;0,00;1,13;0,00;0,00;11,25;0,00;0,00;4,00;0,00;0,00;0,00;15,75;1,13;0,00;2,00;0,00;0,00;0,00;0,00;0,00;0,00;1,00;1,00;0,00;0,00;0,00;0,00;0,00;1,00;0,00;0,00;0,00;0,00;0,00
2021-03-28;7,00;0,00;0,00;2,00;0,00;0,00;0,00;0,00;0,00;0,00;0,00;0,00;9,33;1,00;0,00;1,00;1,00;0,00;0,00;21,00;2,33;0,00;0,00;0,00;0,00;0,00;0,00;0,00;0,00;0,00;0,00;0,00;1,00;0,00;0,00;0,00;1,00;0,00;0,00;0,00;0,00;0,00
2021-04-04;9,00;0,00;0,00;3,00;0,00;0,00;0,00;2,00;0,00;0,00;0,00;1,13;9,00;1,00;0,00;3,00;2,00;2,25;0,00;18,00;0,00;0,00;0,00;0,00;0,00;0,00;0,00;0,00;0,00;1,00;0,00;0,00;3,00;0,00;0,00;1,00;1,00;0,00;0,00;0,00;0,00;0,00
2021-04-11;6,00;0,00;2,00;1,00;1,00;3,00;0,00;0,00;0,00;0,00;0,00;3,00;12,00;1,00;0,00;5,00;2,00;0,00;1,00;26,00;0,00;0,00;0,00;1,00;0,00;0,00;0,00;0,00;2,00;0,00;1,00;0,00;2,00;0,00;0,00;0,00;2,00;0,00;0,00;0,00;0,00;0,00
2021-04-18;10,00;0,00;3,00;9,00;1,00;1,00;1,00;3,00;0,00;0,00;0,00;1,25;7,50;0,00;0,00;4,00;1,00;0,00;0,00;18,00;0,00;0,00;0,00;0,00;0,00;1,00;0,00;0,00;1,00;0,00;1,00;0,00;1,00;0,00;0,00;0,00;0,00;0,00;0,00;0,00;0,00;0,00
2021-04-25;7,00;1,00;0,00;2,00;1,00;1,00;0,00;0,00;0,00;0,00;0,00;2,33;7,00;1,00;0,00;1,00;1,00;0,00;0,00;21,00;0,00;0,00;1,00;0,00;0,00;0,00;0,00;0,00;0,00;0,00;0,00;0,00;0,00;2,00;0,00;0,00;2,00;0,00;0,00;0,00;0,00;0,00
2021-05-02;5,00;0,00;5,00;6,00;3,00;0,00;0,00;0,00;0,00;1,25;0,00;0,00;15,00;0,00;0,00;1,00;1,00;0,00;0,00;15,00;0,00;0,00;0,00;0,00;0,00;0,00;0,00;0,00;0,00;0,00;1,00;0,00;0,00;0,00;0,00;0,00;1,00;0,00;0,00;0,00;0,00;0,00
2021-05-09;3,00;0,00;0,00;6,00;1,00;1,00;1,00;0,00;0,00;3,00;0,00;3,00;15,00;0,00;0,00;2,00;0,00;0,00;0,00;27,00;0,00;0,00;0,00;0,00;0,00;0,00;0,00;0,00;0,00;1,00;0,00;0,00;0,00;0,00;0,00;1,00;0,00;0,00;0,00;0,00;0,00;0,00
2021-05-16;8,00;0,00;2,00;4,00;0,00;2,00;1,00;1,00;0,00;0,00;0,00;2,67;10,67;0,00;3,00;5,00;1,00;0,00;1,00;10,00;0,00;0,00;0,00;0,00;0,00;0,00;0,00;0,00;1,00;0,00;1,00;0,00;1,00;3,00;0,00;0,00;0,00;0,00;0,00;0,00;0,00;0,00
2021-05-23;13,00;0,00;2,00;4,00;0,00;3,00;0,00;1,00;0,00;0,00;0,00;1,30;7,80;1,00;0,00;2,00;1,00;1,08;0,00;19,50;1,08;0,00;1,00;0,00;1,00;1,00;0,00;1,00;0,00;1,00;3,00;0,00;0,00;0,00;0,00;0,00;1,00;0,00;0,00;0,00;0,00;0,00
2021-05-30;10,00;0,00;2,00;3,00;0,00;0,00;0,00;0,00;0,00;1,25;1,25;1,25;20,00;0,00;0,00;6,00;2,00;0,00;0,00;22,00;2,00;0,00;1,00;2,00;0,00;0,00;0,00;0,00;1,00;0,00;0,00;0,00;4,00;1,00;0,00;0,00;2,00;0,00;0,00;0,00;0,00;0,00
2021-06-06;4,00;0,00;2,00;16,00;2,00;2,00;1,00;1,00;0,00;0,00;0,00;2,00;6,00;1,00;0,00;2,00;1,00;1,00;1,00;16,00;0,00;0,00;0,00;0,00;0,00;0,00;0,00;0,00;0,00;1,00;1,00;0,00;2,00;0,00;0,00;0,00;0,00;0,00;0,00;0,00;0,00;0,00
2021-06-13;15,00;0,00;3,00;17,00;3,00;2,00;0,00;2,00;0,00;0,00;0,00;1,25;15,00;0,00;0,00;1,00;2,00;2,14;0,00;23,57;2,14;0,00;1,00;0,00;0,00;0,00;1,00;0,00;0,00;0,00;1,00;1,00;1,00;0,00;0,00;0,00;0,00;0,00;0,00;0,00;0,00;0,00
2021-06-20;14,00;0,00;2,00;13,00;1,00;4,00;0,00;1,00;0,00;1,17;0,00;0,00;14,00;0,00;0,00;2,00;2,00;2,33;0,00;42,00;0,00;0,00;2,00;3,00;0,00;0,00;1,00;0,00;1,00;2,00;1,00;2,00;1,00;0,00;0,00;0,00;2,00;0,00;0,00;0,00;0,00;0,00
2021-06-27;20,00;1,00;5,00;21,00;0,00;11,00;1,00;3,00;0,00;0,00;0,00;2,50;10,00;0,00;0,00;3,00;7,00;2,22;0,00;37,78;8,89;0,00;0,00;2,00;1,00;0,00;1,00;1,00;2,00;1,00;6,00;0,00;2,00;0,00;1,00;1,00;0,00;0,00;0,00;0,00;0,00;0,00
2021-07-04;36,00;1,00;7,00;20,00;1,00;23,00;0,00;3,00;0,00;0,00;0,00;2,57;28,29;0,00;0,00;2,00;5,00;0,00;2,12;42,35;4,24;0,00;1,00;1,00;1,00;0,00;0,00;1,00;0,00;0,00;1,00;0,00;2,00;0,00;0,00;2,00;2,00;1,00;0,00;0,00;0,00;0,00
2021-07-11;25,00;0,00;3,00;15,00;1,00;1,00;0,00;5,00;2,00;0,00;0,00;0,00;30,00;1,00;0,00;7,00;8,00;0,00;2,27;38,64;0,00;0,00;1,00;2,00;2,00;0,00;0,00;2,00;2,00;2,00;2,00;0,00;1,00;2,00;0,00;1,00;2,00;1,00;0,00;0,00;0,00;0,00
2021-07-18;35,00;1,00;1,00;21,00;4,00;3,00;1,00;6,00;1,00;0,00;0,00;2,50;20,00;0,00;0,00;6,00;4,00;2,19;0,00;52,50;2,19;0,00;1,00;0,00;0,00;0,00;1,00;0,00;0,00;1,00;5,00;1,00;6,00;2,00;0,00;0,00;0,00;0,00;0,00;0,00;0,00;0,00
2021-07-25;29,00;1,00;7,00;18,00;1,00;4,00;1,00;2,00;1,00;0,00;0,00;1,21;24,17;2,00;0,00;8,00;8,00;2,23;0,00;53,54;0,00;0,00;0,00;1,00;1,00;0,00;0,00;0,00;0,00;1,00;8,00;0,00;5,00;1,00;0,00;0,00;0,00;0,00;0,00;0,00;0,00;0,00
2021-08-01;45,00;2,00;7,00;10,00;2,00;1,00;1,00;6,00;0,00;0,00;0,00;10,00;40,00;0,00;0,00;3,00;5,00;2,14;0,00;57,86;0,00;0,00;3,00;1,00;2,00;0,00;0,00;0,00;0,00;3,00;6,00;0,00;10,00;3,00;1,00;1,00;2,00;0,00;0,00;0,00;0,00;0,00
2021-08-08;42,00;2,00;0,00;9,00;6,00;5,00;1,00;9,00;0,00;1,24;2,47;12,35;27,18;2,00;0,00;6,00;6,00;0,00;2,10;96,60;0,00;0,00;0,00;0,00;4,00;0,00;2,00;0,00;5,00;2,00;7,00;2,00;5,00;2,00;0,00;4,00;1,00;0,00;1,00;0,00;1,00;0,00
2021-08-15;59,00;1,00;5,00;12,00;2,00;3,00;1,00;2,00;0,00;2,46;0,00;4,92;41,79;4,00;0,00;4,00;5,00;2,19;0,00;111,44;0,00;1,00;2,00;4,00;5,00;2,00;2,00;0,00;1,00;4,00;4,00;1,00;10,00;1,00;0,00;1,00;1,00;0,00;0,00;0,00;0,00;0,00
2021-08-22;40,00;1,00;2,00;7,00;2,00;4,00;1,00;0,00;0,00;0,00;0,00;1,25;32,50;1,00;0,00;8,00;5,00;2,22;0,00;86,67;0,00;1,00;2,00;1,00;2,00;0,00;1,00;1,00;0,00;8,00;5,00;4,00;2,00;1,00;0,00;2,00;0,00;1,00;0,00;0,00;0,00;0,00
2021-08-29;27,00;1,00;4,00;4,00;2,00;1,00;1,00;4,00;0,00;2,45;0,00;2,45;19,64;2,00;0,00;2,00;5,00;2,08;0,00;43,62;2,08;0,00;0,00;1,00;2,00;0,00;0,00;0,00;0,00;1,00;1,00;0,00;5,00;1,00;0,00;4,00;1,00;0,00;0,00;0,00;0,00;0,00
2021-09-05;24,00;0,00;2,00;1,00;0,00;0,00;1,00;0,00;0,00;0,00;0,00;2,40;21,60;1,00;0,00;2,00;2,00;0,00;0,00;54,55;0,00;0,00;1,00;2,00;1,00;0,00;0,00;0,00;0,00;2,00;1,00;0,00;2,00;2,00;0,00;0,00;1,00;0,00;0,00;0,00;0,00;0,00
2021-09-12;26,00;0,00;2,00;4,00;4,00;0,00;0,00;2,00;0,00;1,30;1,30;7,80;18,20;1,00;0,00;4,00;6,00;2,17;0,00;45,50;0,00;0,00;2,00;1,00;0,00;0,00;0,00;0,00;0,00;1,00;1,00;0,00;6,00;0,00;0,00;0,00;0,00;0,00;0,00;0,00;0,00;0,00
2021-09-19;13,00;2,00;1,00;4,00;0,00;2,00;0,00;2,00;0,00;0,00;0,00;0,00;10,40;0,00;1,00;12,00;2,00;2,17;0,00;54,17;0,00;0,00;2,00;2,00;0,00;1,00;0,00;1,00;1,00;0,00;2,00;1,00;7,00;0,00;0,00;1,00;0,00;0,00;0,00;0,00;0,00;0,00
2021-09-26;15,00;0,00;1,00;5,00;1,00;1,00;1,00;2,00;0,00;0,00;0,00;2,50;7,50;1,00;0,00;7,00;1,00;0,00;0,00;38,57;0,00;0,00;2,00;4,00;1,00;0,00;0,00;1,00;1,00;2,00;6,00;0,00;6,00;1,00;0,00;0,00;0,00;0,00;0,00;0,00;0,00;0,00
2021-10-03;37,00;2,00;2,00;4,00;1,00;0,00;0,00;0,00;0,00;0,00;0,00;2,47;32,07;1,00;0,00;7,00;1,00;2,18;0,00;45,71;0,00;1,00;1,00;0,00;0,00;0,00;0,00;1,00;0,00;0,00;2,00;0,00;2,00;2,00;1,00;1,00;1,00;0,00;0,00;0,00;0,00;0,00
2021-10-10;30,00;3,00;3,00;5,00;5,00;5,00;0,00;1,00;0,00;2,50;0,00;5,00;20,00;1,00;1,00;5,00;6,00;0,00;0,00;53,57;0,00;0,00;3,00;0,00;4,00;0,00;1,00;0,00;0,00;0,00;8,00;1,00;3,00;0,00;0,00;3,00;1,00;0,00;0,00;0,00;0,00;0,00
2021-10-17;22,00;0,00;2,00;1,00;1,00;1,00;0,00;0,00;0,00;4,89;0,00;1,22;22,00;0,00;0,00;1,00;0,00;0,00;0,00;48,40;2,20;0,00;1,00;0,00;1,00;1,00;0,00;2,00;1,00;1,00;5,00;0,00;2,00;1,00;0,00;0,00;0,00;0,00;0,00;0,00;0,00;0,00
2021-10-24;27,00;0,00;2,00;6,00;2,00;1,00;1,00;0,00;0,00;0,00;0,00;2,45;24,55;2,00;1,00;4,00;4,00;2,25;2,25;69,75;0,00;0,00;1,00;1,00;1,00;0,00;0,00;0,00;0,00;2,00;4,00;1,00;1,00;0,00;0,00;0,00;1,00;1,00;0,00;0,00;0,00;0,00
2021-10-31;39,00;2,00;2,00;14,00;2,00;3,00;0,00;2,00;2,00;2,44;0,00;2,44;34,13;2,00;0,00;7,00;1,00;2,17;0,00;86,67;0,00;0,00;1,00;0,00;4,00;0,00;0,00;1,00;1,00;0,00;2,00;0,00;4,00;0,00;0,00;0,00;1,00;0,00;1,00;0,00;0,00;0,00
2021-11-07;33,00;1,00;1,00;1,00;1,00;1,00;0,00;0,00;0,00;2,54;1,27;1,27;40,62;1,00;1,00;6,00;0,00;0,00;0,00;66,00;0,00;1,00;0,00;1,00;0,00;2,00;0,00;1,00;1,00;2,00;5,00;0,00;1,00;1,00;0,00;0,00;0,00;0,00;0,00;0,00;0,00;0,00
2021-11-14;30,00;1,00;1,00;10,00;2,00;0,00;0,00;1,00;1,00;1,25;0,00;1,25;30,00;0,00;0,00;9,00;1,00;2,14;0,00;75,00;0,00;0,00;2,00;0,00;1,00;0,00;1,00;4,00;2,00;1,00;2,00;2,00;1,00;0,00;1,00;0,00;0,00;0,00;0,00;0,00;0,00;0,00
2021-11-21;25,00;0,00;1,00;7,00;1,00;0,00;0,00;0,00;0,00;0,00;0,00;0,00;25,00;0,00;0,00;2,00;0,00;0,00;0,00;70,83;0,00;0,00;2,00;0,00;2,00;0,00;0,00;0,00;0,00;1,00;1,00;1,00;1,00;1,00;0,00;0,00;0,00;1,00;0,00;0,00;0,00;0,00
2021-11-28;38,00;5,00;5,00;8,00;0,00;4,00;1,00;1,00;1,00;1,27;0,00;7,60;38,00;0,00;0,00;4,00;0,00;0,00;0,00;105,56;0,00;0,00;5,00;0,00;6,00;1,00;0,00;2,00;1,00;2,00;0,00;4,00;1,00;1,00;0,00;1,00;6,00;0,00;0,00;0,00;0,00;0,00
2021-12-05;32,00;6,00;1,00;13,00;1,00;1,00;3,00;3,00;0,00;2,46;0,00;2,46;32,00;1,00;1,00;13,00;1,00;2,13;0,00;211,20;0,00;0,00;3,00;1,00;6,00;0,00;0,00;3,00;6,00;8,00;3,00;4,00;3,00;0,00;0,00;0,00;5,00;1,00;0,00;0,00;0,00;0,00
2021-12-12;33,00;4,00;3,00;4,00;3,00;0,00;1,00;0,00;0,00;0,00;2,54;5,08;20,31;0,00;0,00;6,00;1,00;0,00;0,00;123,20;2,20;0,00;10,00;0,00;3,00;0,00;0,00;1,00;17,00;3,00;1,00;1,00;4,00;1,00;1,00;0,00;3,00;0,00;0,00;0,00;0,00;0,00
2021-12-19;34,00;0,00;7,00;10,00;2,00;2,00;5,00;2,00;0,00;7,29;0,00;2,43;24,29;0,00;0,00;7,00;0,00;0,00;0,00;129,63;0,00;0,00;15,00;0,00;0,00;0,00;0,00;3,00;18,00;5,00;5,00;0,00;2,00;3,00;0,00;0,00;3,00;0,00;0,00;0,00;0,00;0,00
2021-12-26;100,00;7,00;3,00;8,00;2,00;3,00;2,00;2,00;3,00;2,50;0,00;7,50;52,50;2,00;3,00;8,00;3,00;0,00;2,17;178,26;2,17;2,00;15,00;0,00;3,00;0,00;0,00;2,00;0,00;8,00;8,00;3,00;7,00;2,00;0,00;2,00;2,00;2,00;0,00;0,00;0,00;0,00
2022-01-02;74,00;3,00;5,00;21,00;6,00;3,00;2,00;5,00;0,00;2,47;0,00;4,93;37,00;9,00;3,00;35,00;2,00;2,18;0,00;128,41;0,00;0,00;8,00;2,00;8,00;0,00;0,00;5,00;0,00;8,00;8,00;5,00;5,00;2,00;0,00;0,00;0,00;0,00;0,00;0,00;0,00;0,00
2022-01-09;18,00;3,00;4,00;7,00;1,00;1,00;0,00;0,00;3,00;2,57;0,00;5,14;38,57;1,00;0,00;16,00;6,00;0,00;0,00;62,00;0,00;1,00;3,00;4,00;1,00;0,00;0,00;1,00;0,00;3,00;6,00;4,00;3,00;3,00;0,00;0,00;1,00;3,00;0,00;0,00;0,00;0,00
2022-01-16;27,00;4,00;4,00;9,00;6,00;1,00;0,00;0,00;1,00;2,45;0,00;4,91;22,09;0,00;0,00;6,00;0,00;0,00;2,25;81,00;0,00;0,00;0,00;0,00;3,00;0,00;0,00;0,00;1,00;4,00;11,00;4,00;0,00;3,00;0,00;1,00;3,00;0,00;0,00;0,00;0,00;0,00
2022-01-23;24,00;6,00;4,00;7,00;4,00;0,00;0,00;3,00;1,00;0,00;0,00;4,80;36,00;4,00;1,00;3,00;4,00;0,00;0,00;80,73;2,18;0,00;3,00;0,00;4,00;0,00;1,00;4,00;4,00;0,00;11,00;0,00;3,00;1,00;0,00;1,00;3,00;1,00;0,00;0,00;0,00;0,00
2022-01-30;20,00;3,00;3,00;6,00;3,00;1,00;3,00;0,00;0,00;2,50;0,00;7,50;20,00;1,00;1,00;14,00;3,00;2,22;0,00;82,22;2,22;0,00;10,00;0,00;1,00;0,00;1,00;3,00;4,00;4,00;7,00;4,00;4,00;0,00;0,00;1,00;0,00;0,00;0,00;0,00;0,00;0,00
2022-02-06;26,00;4,00;4,00;6,00;9,00;2,00;0,00;4,00;0,00;0,00;0,00;7,09;37,82;1,00;1,00;12,00;1,00;0,00;0,00;78,00;2,17;0,00;6,00;0,00;1,00;0,00;3,00;1,00;1,00;3,00;3,00;1,00;3,00;1,00;0,00;0,00;0,00;0,00;0,00;0,00;0,00;0,00
2022-02-13;41,00;6,00;4,00;7,00;3,00;6,00;0,00;4,00;3,00;0,00;2,41;4,82;26,53;3,00;1,00;7,00;4,00;0,00;0,00;79,84;2,16;1,00;1,00;3,00;3,00;0,00;0,00;1,00;4,00;3,00;4,00;3,00;1,00;0,00;0,00;1,00;0,00;0,00;0,00;0,00;0,00;0,00
2022-02-20;36,00;10,00;3,00;1,00;6,00;10,00;4,00;3,00;0,00;0,00;0,00;5,14;23,14;1,00;1,00;4,00;0,00;0,00;0,00;99,53;0,00;0,00;1,00;0,00;0,00;0,00;0,00;0,00;4,00;4,00;3,00;0,00;3,00;0,00;0,00;0,00;0,00;0,00;0,00;0,00;0,00;0,00
2022-02-27;21,00;0,00;2,00;3,00;5,00;0,00;0,00;2,00;0,00;0,00;0,00;2,63;15,75;2,00;0,00;7,00;2,00;0,00;0,00;73,50;0,00;0,00;9,00;0,00;0,00;0,00;2,00;5,00;2,00;2,00;3,00;2,00;0,00;2,00;0,00;0,00;0,00;2,00;0,00;0,00;0,00;0,00
