Semaine;Nice (FR);Paris (FR);London (GB);Barcelona (ES);Roma (IT);Lille (FR);Madrid (ES);Lisbon (PT);Prague (CZ);Berlin (DE);Milano (IT);stanbul (TR);Budapest (HU);Venezia (IT);Wien (AT);Strasbourg (FR);Athens (GR);Dublin (IE);Lyon (FR);Frankfurt am Main (DE);Marseille (FR);München (DE);Stockholm (SE);Copenhagen (DK);Bordeaux (FR);Genève (CH);Tours (FR);Hamburg (DE);Toulouse (FR);Montpellier (FR);Nantes (FR);Avignon (FR);Monaco (MC);Dijon (FR);Aix en Provence (FR)
2019-01-06;42,00;616,00;644,00;308,00;226,80;12,60;180,60;264,60;273,00;289,80;105,00;176,40;179,20;126,00;123,20;16,80;91,00;120,75;14,00;59,50;21,00;105,00;54,00;75,00;17,06;44,63;28,88;56,44;9,00;9,00;5,00;5,00;15,00;3,00;3,00
2019-01-13;45,00;585,00;600,00;315,00;216,82;20,45;175,91;261,82;184,09;278,18;102,27;155,45;143,44;106,88;112,50;14,06;83,08;145,38;17,31;69,23;21,00;117,00;67,50;81,00;21,18;35,74;35,74;64,85;7,00;11,00;4,00;3,00;16,00;1,00;4,00
2019-01-20;43,00;516,00;587,67;258,00;240,80;25,80;180,60;240,80;206,40;240,80;111,80;176,30;151,93;94,60;86,00;11,47;86,00;141,04;22,36;41,28;19,28;80,07;66,72;50,41;13,03;32,58;35,18;36,48;5,00;10,00;15,00;3,00;9,00;1,00;1,00
2019-01-27;18,00;648,00;756,00;360,00;220,50;9,00;180,00;292,50;175,50;324,00;153,00;211,50;138,00;96,00;120,00;18,00;55,80;122,40;21,60;75,60;13,50;106,50;51,00;70,50;19,38;37,38;6,92;23,54;9,00;10,00;6,00;6,00;8,00;1,00;1,00
2019-02-03;22,00;880,00;924,00;418,00;228,80;13,20;176,00;246,40;184,80;312,40;123,20;220,00;151,25;74,25;93,50;16,50;55,85;110,00;11,85;52,46;19,07;79,20;61,60;68,93;11,65;42,71;3,88;46,59;5,00;14,00;4,00;4,00;9,00;3,00;4,00
2019-02-10;24,00;912,00;936,00;384,00;200,00;20,00;184,00;244,00;148,00;284,00;148,00;184,00;180,00;111,00;111,00;21,00;44,57;125,14;18,86;68,57;22,50;99,00;45,00;55,50;14,67;24,00;4,00;49,33;5,00;7,00;7,00;11,00;9,00;0,00;0,00
2019-02-17;28,00;504,00;574,00;294,00;220,00;12,00;172,00;280,00;156,00;252,00;132,00;200,00;151,20;106,40;103,60;16,80;59,50;119,00;52,50;59,50;20,63;91,37;48,63;47,16;17,33;30,67;4,00;50,67;15,00;12,00;5,00;4,00;17,00;3,00;1,00
2019-02-24;37,00;795,50;795,50;370,00;217,89;16,44;238,44;238,44;160,33;234,33;123,33;185,00;133,77;130,92;102,46;5,69;56,38;137,43;8,81;56,38;29,60;78,44;63,64;44,40;23,79;23,79;7,93;43,61;12,00;7,00;4,00;4,00;4,00;1,00;1,00
2019-03-03;33,00;676,50;709,50;330,00;189,75;12,38;301,13;251,63;148,50;239,25;148,50;202,13;123,75;112,75;77,00;11,00;57,32;133,74;12,16;53,84;18,00;82,50;64,50;51,00;17,16;46,20;6,60;31,68;12,00;4,00;13,00;3,00;11,00;0,00;4,00
2019-03-10;31,00;635,50;635,50;341,00;252,43;22,14;203,71;305,57;163,86;252,43;150,57;203,71;126,82;95,82;90,18;19,73;58,56;146,39;37,89;82,67;33,95;85,62;81,19;47,24;9,43;57,96;9,43;52,57;16,00;12,00;5,00;6,00;9,00;1,00;0,00
2019-03-17;22,00;770,00;792,00;374,00;206,80;8,80;158,40;246,40;167,20;237,60;149,60;184,80;115,50;101,75;66,00;8,25;58,67;111,83;7,33;69,67;19,07;85,07;46,93;58,67;19,41;29,76;3,88;37,53;9,00;12,00;4,00;5,00;10,00;8,00;0,00
2019-03-24;29,00;580,00;551,00;275,50;194,71;8,29;174,00;256,86;145,00;273,43;145,00;182,29;133,40;121,80;92,80;17,40;56,29;153,53;8,53;66,53;31,90;76,85;58,00;44,95;18,45;27,68;2,64;58,00;11,00;5,00;1,00;4,00;17,00;3,00;0,00
2019-03-31;47,00;626,67;532,67;297,67;222,18;17,09;183,73;269,18;205,09;273,45;136,73;209,36;138,24;124,41;99,53;13,82;76,59;123,59;20,89;69,63;16,16;77,84;47,00;58,75;20,14;20,14;16,11;49,69;5,00;8,00;12,00;7,00;8,00;7,00;4,00
2019-04-07;66,00;709,50;676,50;363,00;251,63;20,63;185,63;222,75;206,25;301,13;173,25;189,75;152,09;140,61;97,57;11,48;92,05;142,42;22,58;62,53;43,50;84,00;61,50;58,50;15,84;29,04;21,12;51,48;7,00;5,00;8,00;10,00;13,00;3,00;3,00
2019-04-14;47,00;1566,67;720,67;344,67;264,91;34,18;217,91;209,36;239,27;264,91;136,73;162,36;118,88;135,47;80,18;24,88;81,81;135,78;22,63;69,63;20,56;88,13;48,47;41,13;18,80;17,46;34,91;49,69;8,00;11,00;7,00;7,00;12,00;6,00;0,00
2019-04-21;54,00;864,00;720,00;378,00;228,46;12,46;207,69;274,15;211,85;303,23;116,31;182,77;142,11;150,63;88,11;14,21;59,40;109,80;23,40;91,80;28,50;70,50;67,50;72,00;18,90;29,70;37,80;72,90;7,00;12,00;7,00;10,00;8,00;11,00;6,00
2019-04-28;62,00;806,00;775,00;372,00;256,27;20,67;347,20;256,27;223,20;326,53;111,60;157,07;152,18;132,45;93,00;25,36;79,71;141,71;23,03;69,09;18,15;87,71;83,17;57,46;21,11;31,66;27,70;67,28;13,00;8,00;14,00;8,00;14,00;3,00;3,00
2019-05-05;59,00;531,00;590,00;339,25;223,36;12,64;421,43;257,07;185,43;303,43;105,36;155,93;132,05;112,38;101,14;16,86;112,64;135,88;23,24;85,82;19,18;73,75;50,15;53,10;25,48;28,16;53,64;42,91;19,00;9,00;4,00;4,00;12,00;5,00;1,00
2019-05-12;59,00;575,25;486,75;368,75;265,50;16,86;164,36;248,64;177,00;269,71;122,21;160,14;140,48;109,57;98,33;25,29;69,73;107,27;21,45;64,36;36,31;72,62;68,08;52,95;18,77;20,11;21,45;46,93;10,00;7,00;3,00;8,00;10,00;4,00;4,00
2019-05-19;58,00;594,50;507,50;319,00;219,57;12,43;161,57;211,29;190,57;248,57;116,00;161,57;136,30;104,40;116,00;17,40;82,61;114,24;40,42;66,79;20,82;86,26;63,95;52,05;29,67;28,33;21,58;64,74;9,00;14,00;6,00;6,00;41,00;6,00;0,00
2019-05-26;49,00;702,33;588,00;359,33;257,25;28,58;196,00;216,42;208,25;269,50;118,42;175,58;167,18;109,53;100,88;28,82;92,75;119,00;22,75;50,75;26,73;80,18;56,42;56,42;30,46;22,51;37,08;50,32;10,00;16,00;8,00;8,00;53,00;8,00;3,00
2019-06-02;55,00;843,33;715,00;385,00;228,46;21,15;148,08;236,92;215,77;258,08;143,85;139,62;141,84;289,47;112,89;17,37;72,74;115,32;21,29;86,94;20,81;87,70;44,59;57,97;37,56;28,17;33,54;53,66;14,00;10,00;7,00;5,00;17,00;4,00;2,00
2019-06-09;61,00;594,75;564,25;305,00;227,73;20,33;134,20;215,53;178,93;256,20;81,33;150,47;113,68;135,86;77,64;19,41;61,00;116,77;24,40;62,74;26,78;84,80;55,05;65,46;29,17;22,54;51,72;57,02;13,00;19,00;10,00;8,00;6,00;1,00;3,00
2019-06-16;62,00;620,00;542,50;310,00;198,40;20,67;169,47;206,67;202,53;276,93;111,60;165,33;124,00;115,55;95,82;16,91;97,43;141,71;24,80;74,40;36,90;97,43;53,14;50,19;27,70;38,26;42,21;59,36;14,00;10,00;10,00;4,00;13,00;6,00;0,00
2019-06-23;60,00;585,00;510,00;270,00;171,43;21,43;158,57;192,86;222,86;252,86;120,00;197,14;140,00;111,43;77,14;14,29;79,41;107,65;42,35;61,76;19,50;85,50;52,50;52,50;22,67;29,33;37,33;52,00;25,00;14,00;6,00;6,00;10,00;10,00;3,00
2019-06-30;75,00;645,00;630,00;285,00;187,50;29,17;150,00;183,33;237,50;295,83;116,67;162,50;141,35;115,38;141,35;31,73;81,98;127,33;109,88;83,72;25,50;94,50;72,00;73,50;26,79;29,46;44,20;66,96;14,00;16,00;17,00;16,00;18,00;9,00;5,00
2019-07-07;73,00;744,60;642,40;408,80;253,35;25,76;180,35;261,94;261,94;365,00;154,59;188,94;154,42;146,00;120,73;30,88;90,80;115,73;40,95;83,68;40,22;114,71;78,96;75,98;33,18;37,16;42,47;71,67;23,00;19,00;8,00;9,00;22,00;13,00;3,00
2019-07-14;84,00;924,00;756,00;436,80;252,00;25,20;147,00;222,60;256,20;357,00;130,20;197,40;187,60;170,80;126,00;30,80;96,25;120,75;26,25;108,50;34,50;114,00;70,50;79,50;36,00;32,00;41,33;82,67;20,00;27,00;11,00;8,00;15,00;12,00;5,00
2019-07-21;67,00;887,75;703,50;418,75;259,63;41,88;159,13;226,13;259,63;360,13;184,25;201,00;195,42;175,88;125,63;25,13;82,87;137,53;40,55;141,05;55,09;148,89;84,87;69,98;55,18;44,67;44,67;102,47;19,00;19,00;15,00;6,00;19,00;10,00;1,00
2019-07-28;77,00;1001,00;677,60;446,60;231,00;16,21;174,26;243,16;265,22;359,33;149,72;179,67;250,96;173,96;128,33;39,93;94,50;113,75;35,00;143,50;20,73;137,71;78,48;94,77;35,84;46,47;53,10;73,02;26,00;23,00;7,00;17,00;30,00;13,00;3,00
2019-08-04;73,00;817,60;700,80;423,40;214,94;28,39;158,17;231,17;313,47;429,41;163,18;167,47;275,15;185,31;134,77;42,12;129,98;153,12;30,27;71,22;37,24;123,65;90,88;71,51;41,15;30,53;47,78;86,27;16,00;29,00;10,00;9,00;29,00;10,00;9,00
2019-08-11;60,00;735,00;690,00;390,00;222,86;21,43;158,57;231,43;278,57;325,71;132,86;175,71;208,57;134,29;114,29;37,14;81,18;125,29;26,47;79,41;29,27;105,37;49,76;77,56;30,67;42,67;33,33;78,67;12,00;17,00;11,00;5,00;13,00;4,00;7,00
2019-08-18;72,00;756,00;864,00;414,00;216,00;21,18;169,41;249,88;224,47;317,65;127,06;160,94;158,40;103,68;109,44;28,80;98,34;112,39;21,07;73,76;36,00;73,50;66,00;57,00;21,33;22,67;46,67;60,00;12,00;17,00;6,00;6,00;19,00;3,00;0,00
2019-08-25;67,00;603,00;703,50;402,00;192,63;41,88;163,31;221,94;201,00;309,88;117,25;167,50;125,63;83,75;92,13;19,54;84,63;144,58;19,39;79,34;29,78;87,84;55,09;50,62;18,76;24,12;42,88;73,70;12,00;17,00;5,00;3,00;11,00;3,00;3,00
2019-09-01;61,00;594,75;701,50;350,75;219,60;16,27;178,93;264,33;209,14;331,14;143,79;174,29;122,00;151,05;113,29;17,43;93,29;156,09;28,71;75,35;28,27;75,88;77,37;65,46;19,89;37,13;37,13;54,37;9,00;14,00;6,00;3,00;21,00;8,00;0,00
2019-09-08;64,00;704,00;704,00;352,00;213,33;17,07;187,73;217,60;204,80;315,73;123,73;192,00;139,13;105,74;105,74;22,26;99,56;165,33;17,78;62,22;25,30;65,49;69,95;53,58;18,67;37,33;26,67;78,67;17,00;8,00;10,00;10,00;11,00;4,00;0,00
2019-09-15;53,00;759,67;777,33;335,67;212,00;12,23;212,00;220,15;228,31;309,85;89,69;187,54;150,63;108,79;100,42;22,32;95,40;160,77;30,03;61,83;16,19;92,75;58,89;48,58;13,25;31,80;38,43;70,23;6,00;10,00;8,00;4,00;11,00;3,00;3,00
2019-09-22;46,00;613,33;766,67;291,33;234,18;25,09;196,55;259,27;242,55;351,27;117,09;184,00;161,00;115,00;103,50;11,50;104,38;153,92;14,15;77,85;20,77;90,52;62,32;48,97;14,46;21,03;27,60;49,94;5,00;5,00;2,00;4,00;12,00;1,00;4,00
2019-09-29;47,00;705,00;752,00;344,67;235,00;17,09;226,45;235,00;213,64;329,00;115,36;166,64;124,41;96,76;94,00;24,88;88,78;156,67;31,33;55,70;21,23;97,03;42,45;59,13;12,09;34,91;28,20;45,66;17,00;11,00;9,00;1,00;9,00;2,00;4,00
2019-10-06;41,00;669,67;683,33;300,67;229,60;24,60;196,80;250,10;237,80;299,30;114,80;172,20;143,50;105,43;164,00;17,57;94,48;178,26;14,26;57,04;16,70;80,48;72,89;62,26;14,55;19,84;33,06;62,16;11,00;6,00;6,00;4,00;10,00;2,00;2,00
2019-10-13;35,00;857,50;962,50;490,00;231,88;26,25;175,00;253,75;253,75;315,00;118,13;179,38;148,75;90,42;125,42;20,42;73,50;157,50;14,00;59,50;22,83;76,09;56,30;63,91;18,85;24,23;47,12;63,27;9,00;11,00;6,00;2,00;10,00;2,00;0,00
2019-10-20;27,00;634,50;661,50;229,50;192,86;19,29;158,14;185,14;216,00;312,43;96,43;162,00;105,30;91,80;110,70;18,90;66,60;117,00;14,40;50,40;18,00;66,00;40,50;49,50;20,57;18,00;24,43;48,86;10,00;10,00;5,00;4,00;9,00;1,00;0,00
2019-10-27;23,00;805,00;989,00;368,00;168,67;19,17;141,83;176,33;164,83;222,33;88,17;141,83;115,00;77,63;86,25;14,38;70,77;138,00;21,23;49,54;18,69;61,81;47,44;47,44;10,82;18,94;23,00;56,82;7,00;4,00;5,00;2,00;6,00;1,00;0,00
2019-11-03;20,00;740,00;900,00;300,00;160,00;16,00;140,00;192,00;184,00;260,00;124,00;180,00;108,57;71,43;117,14;17,14;90,91;138,18;10,91;69,09;18,46;67,69;47,69;60,00;13,33;22,67;13,33;56,00;9,00;7,00;2,00;1,00;9,00;2,00;0,00
2019-11-10;21,00;798,00;903,00;336,00;155,40;25,20;151,20;172,20;155,40;273,00;96,60;151,20;147,00;267,00;96,00;18,00;78,75;131,25;14,00;57,75;19,50;66,00;52,50;45,00;14,44;35,44;19,69;47,25;5,00;6,00;2,00;2,00;6,00;5,00;1,00
2019-11-17;30,00;540,00;735,00;195,00;158,57;12,86;184,29;145,71;201,43;218,57;150,00;171,43;125,45;147,27;122,73;19,09;70,59;116,47;14,12;54,71;16,50;55,50;55,50;46,50;10,91;25,91;30,00;54,55;10,00;9,00;2,00;4,00;6,00;2,00;0,00
2019-11-24;26,00;494,00;676,00;143,00;164,67;43,33;134,33;186,33;199,33;247,00;91,00;147,33;106,89;92,44;69,33;20,22;83,20;112,67;12,13;64,13;8,67;56,33;46,22;40,44;13,00;18,20;14,30;46,80;6,00;10,00;4,00;0,00;8,00;1,00;0,00
2019-12-01;22,00;814,00;990,00;286,00;154,00;8,80;162,80;167,20;184,80;246,40;88,00;167,20;140,25;57,75;99,00;19,25;62,62;96,46;13,54;74,46;24,93;49,87;58,67;30,80;9,06;27,18;15,53;44,00;5,00;0,00;5,00;4,00;7,00;4,00;1,00
2019-12-08;20,00;660,00;920,00;260,00;152,00;20,00;132,00;168,00;156,00;232,00;72,00;132,00;125,71;60,00;134,29;22,86;65,45;118,18;25,45;70,91;15,38;80,00;35,38;30,77;14,67;45,33;16,00;49,33;1,00;8,00;6,00;4,00;11,00;1,00;0,00
2019-12-15;47,00;595,33;689,33;219,33;141,00;21,36;153,82;175,18;170,91;247,82;89,73;145,27;94,00;58,75;135,13;20,56;48,81;117,50;18,08;61,46;24,26;83,39;56,10;45,48;14,77;16,11;12,09;51,03;6,00;6,00;5,00;2,00;15,00;0,00;5,00
2019-12-22;46,00;720,67;736,00;230,00;175,64;20,91;154,73;188,18;204,91;296,91;100,36;179,82;140,88;66,13;126,50;17,25;67,23;132,69;15,92;70,77;20,77;90,52;47,48;51,94;20,29;33,82;24,35;48,71;3,00;11,00;3,00;0,00;5,00;1,00;1,00
2019-12-29;30,00;660,00;645,00;255,00;214,29;17,14;171,43;201,43;210,00;282,86;111,43;154,29;147,27;62,73;155,45;10,91;81,18;157,06;17,65;61,76;28,50;94,50;64,50;73,50;13,04;19,57;20,87;43,04;10,00;6,00;3,00;3,00;5,00;4,00;0,00
2020-01-05;45,00;615,00;615,00;315,00;208,64;20,45;159,55;265,91;208,64;253,64;102,27;167,73;129,38;95,63;120,94;11,25;74,42;128,08;19,04;64,04;18,00;76,50;45,00;52,50;15,88;35,74;23,82;54,26;8,00;8,00;7,00;4,00;5,00;1,00;0,00
2020-01-12;46,00;659,33;705,33;337,33;250,91;12,55;163,09;276,00;204,91;309,45;92,00;188,18;163,88;129,38;120,75;20,13;107,92;138,00;23,00;53,08;32,65;90,52;86,06;78,65;22,34;42,06;31,54;63,09;10,00;9,00;7,00;3,00;12,00;8,00;2,00
2020-01-19;43,00;587,67;573,33;286,67;262,30;21,50;150,50;275,20;223,60;258,00;116,10;219,30;140,47;83,13;146,20;17,20;80,84;154,80;17,20;48,16;22,24;96,38;65,24;66,72;10,42;33,88;37,79;46,91;12,00;12,00;10,00;7,00;11,00;1,00;1,00
2020-01-26;42,00;532,00;532,00;238,00;252,00;16,80;147,00;256,20;210,00;260,40;121,80;172,20;126,00;75,60;103,60;14,00;85,75;133,00;22,75;52,50;21,00;79,50;54,00;55,50;17,06;27,56;36,75;45,94;13,00;5,00;7,00;5,00;16,00;5,00;2,00
2020-02-02;54,00;666,00;1296,00;360,00;240,92;16,62;328,15;286,62;216,00;257,54;112,15;261,69;156,32;102,32;116,53;25,58;74,90;127,16;22,65;55,74;18,97;91,95;61,30;52,54;14,49;40,83;27,66;47,41;21,00;12,00;8,00;5,00;14,00;4,00;0,00
2020-02-09;52,00;728,00;884,00;312,00;224,00;16,00;224,00;232,00;221,00;255,67;130,00;195,00;112,67;75,11;101,11;23,11;97,07;135,20;27,73;78,00;34,17;95,09;34,17;72,80;22,67;45,33;24,00;64,00;8,00;13,00;3,00;5,00;10,00;5,00;1,00
2020-02-16;43,00;602,00;716,67;344,00;227,90;21,50;193,50;313,90;215,00;275,20;141,90;202,10;154,80;74,53;114,67;11,47;104,92;125,56;15,48;63,64;26,69;90,45;56,34;53,38;15,64;23,45;22,15;46,91;9,00;11,00;8,00;4,00;5,00;1,00;2,00
2020-02-23;35,00;717,50;735,00;385,00;231,88;17,50;179,38;214,38;205,63;266,88;218,75;214,38;119,58;110,83;84,58;14,58;66,50;124,25;19,25;59,50;24,35;79,13;44,13;57,83;13,46;43,08;25,58;51,15;8,00;8,00;7,00;2,00;6,00;6,00;2,00
2020-03-01;39,00;702,00;721,50;312,00;177,67;8,67;160,33;208,00;169,00;208,00;125,67;156,00;105,86;69,64;66,86;13,93;62,05;108,14;19,50;46,09;27,00;72,00;39,00;45,00;21,52;40,34;21,52;48,41;9,00;20,00;10,00;1,00;15,00;7,00;2,00
2020-03-08;29,00;449,50;464,00;261,00;169,86;4,14;215,43;190,57;153,29;232,00;107,71;140,86;113,10;72,50;63,80;11,60;65,25;96,06;21,75;52,56;12,21;61,05;36,63;38,16;10,55;21,09;23,73;38,23;8,00;10,00;1,00;2,00;4,00;1,00;2,00
2020-03-15;14,00;196,00;266,00;84,00;65,33;9,33;144,67;84,00;46,67;126,00;46,67;88,67;47,60;254,80;30,80;11,20;35,00;49,00;8,75;40,25;14,00;60,20;18,20;8,40;5,09;14,00;10,18;24,18;4,00;2,00;3,00;0,00;6,00;2,00;1,00
2020-03-22;8,00;176,00;192,00;64,00;52,00;4,00;76,00;36,00;32,00;84,00;40,00;52,00;26,67;114,67;18,67;2,67;36,00;40,00;4,00;26,00;6,40;41,60;9,60;17,60;8,00;8,00;9,33;18,67;1,00;2,00;2,00;0,00;8,00;1,00;0,00
2020-03-29;13,00;169,00;130,00;39,00;52,00;4,33;65,00;65,00;39,00;65,00;26,00;56,33;29,25;65,00;19,50;3,25;18,57;29,71;3,71;24,14;7,22;18,78;10,11;8,67;3,90;7,80;13,00;11,70;2,00;3,00;2,00;2,00;3,00;0,00;0,00
2020-04-05;9,00;81,00;90,00;27,00;36,00;4,50;45,00;49,50;22,50;76,50;27,00;49,50;33,00;54,00;18,00;3,00;18,00;30,60;1,80;23,40;3,00;27,00;21,00;15,00;5,14;5,14;6,43;12,86;0,00;1,00;0,00;1,00;4,00;0,00;0,00
2020-04-12;6,00;120,00;108,00;36,00;84,00;6,00;84,00;48,00;48,00;96,00;54,00;66,00;36,00;75,00;18,00;1,50;20,00;38,00;6,00;30,00;3,00;25,50;15,00;12,00;6,00;4,50;15,00;19,50;1,00;3,00;1,00;1,00;3,00;1,00;0,00
2020-04-19;10,00;80,00;80,00;30,00;55,00;5,00;60,00;40,00;45,00;55,00;30,00;55,00;40,00;33,33;26,67;10,00;11,67;23,33;3,33;13,33;5,71;21,43;30,00;10,00;2,86;4,29;10,00;20,00;2,00;1,00;1,00;2,00;5,00;1,00;2,00
2020-04-26;7,00;126,00;140,00;42,00;28,00;1,75;38,50;31,50;38,50;59,50;14,00;31,50;31,50;42,00;31,50;3,50;21,00;29,75;1,75;17,50;7,00;12,25;17,50;12,25;7,00;4,20;9,80;9,80;1,00;2,00;0,00;2,00;2,00;0,00;0,00
2020-05-03;11,00;99,00;99,00;44,00;40,33;3,67;44,00;33,00;33,00;58,67;22,00;51,33;30,25;41,25;22,00;5,50;16,50;29,33;7,33;12,83;7,86;15,71;18,86;11,00;6,88;8,25;8,25;11,00;1,00;5,00;1,00;0,00;3,00;0,00;0,00
2020-05-10;4,00;80,00;88,00;32,00;44,00;4,00;36,00;32,00;28,00;76,00;20,00;44,00;40,00;68,00;32,00;8,00;36,00;30,00;4,00;24,00;2,67;21,33;16,00;12,00;2,67;5,33;6,67;29,33;1,00;0,00;1,00;2,00;5,00;1,00;0,00
2020-05-17;14,00;126,00;154,00;56,00;74,67;4,67;42,00;65,33;32,67;98,00;37,33;79,33;22,40;47,60;19,60;2,80;38,50;24,50;5,25;22,75;4,20;23,80;14,00;15,40;6,36;11,45;12,73;21,64;1,00;2,00;1,00;1,00;2,00;1,00;0,00
2020-05-24;12,00;156,00;132,00;48,00;52,00;4,00;44,00;44,00;44,00;68,00;24,00;44,00;21,00;48,00;30,00;9,00;29,14;24,00;5,14;18,86;12,00;24,00;25,50;16,50;8,00;8,00;8,00;22,67;6,00;6,00;1,00;0,00;6,00;0,00;4,00
2020-05-31;34,00;255,00;187,00;85,00;68,00;8,50;59,50;68,00;42,50;97,75;38,25;76,50;34,00;53,83;28,33;8,50;41,16;35,79;19,68;30,42;25,13;25,13;25,13;14,78;14,38;11,77;11,77;26,15;5,00;10,00;2,00;3,00;8,00;1,00;3,00
2020-06-07;33,00;264,00;198,00;99,00;74,25;12,38;57,75;74,25;37,13;115,50;33,00;86,63;35,75;49,50;30,25;11,00;38,21;27,79;20,84;22,58;18,00;51,00;15,00;10,50;13,20;17,16;13,20;30,36;5,00;8,00;2,00;3,00;16,00;3,00;1,00
2020-06-14;48,00;288,00;176,00;112,00;64,00;16,00;52,00;100,00;65,45;109,09;56,73;65,45;42,35;42,35;39,53;11,29;32,00;30,22;23,11;33,78;25,50;45,00;27,00;19,50;12,00;16,00;14,67;32,00;7,00;8,00;2,00;4,00;14,00;4,00;2,00
2020-06-21;50,00;383,33;216,67;116,67;79,17;4,17;66,67;158,33;75,00;137,50;58,33;66,67;41,67;75,00;38,89;13,89;28,57;44,64;19,64;26,79;31,82;56,06;6,06;28,79;17,57;13,51;13,51;33,78;7,00;15,00;4,00;2,00;13,00;8,00;7,00
2020-06-28;47,00;407,33;172,33;188,00;76,91;8,55;81,18;196,55;94,00;162,36;55,55;85,45;67,56;79,31;61,69;26,44;63,27;34,35;30,73;47,00;27,29;45,48;16,68;28,81;28,20;25,51;10,74;37,60;11,00;12,00;5,00;7,00;16,00;8,00;3,00
2020-07-05;65,00;568,75;276,25;211,25;91,00;26,00;73,67;108,33;86,67;199,33;69,33;104,00;65,00;73,48;62,17;28,26;50,95;35,14;35,14;38,65;39,30;58,95;19,65;28,72;30,51;25,20;25,20;41,12;11,00;22,00;5,00;7,00;13,00;9,00;7,00
2020-07-12;63,00;630,00;252,00;299,25;79,80;16,80;79,80;75,60;134,40;231,00;79,80;92,40;80,18;88,77;68,73;28,64;64,75;31,50;43,75;42,00;26,37;68,86;14,65;33,70;30,19;22,31;15,75;51,19;16,00;20,00;27,00;8,00;16,00;7,00;4,00
2020-07-19;65,00;650,00;243,75;195,00;78,00;13,00;82,33;78,00;117,00;216,67;69,33;130,00;67,83;101,74;62,17;25,43;61,49;42,16;29,86;42,16;33,26;95,23;18,14;22,67;22,55;30,51;19,90;54,39;11,00;7,00;16,00;2,00;23,00;12,00;1,00
2020-07-26;49,00;604,33;196,00;196,00;65,33;16,33;73,50;77,58;98,00;196,00;65,33;102,08;60,53;95,12;51,88;25,94;57,75;52,50;24,50;42,00;37,12;78,70;13,36;38,61;23,84;25,16;11,92;41,05;11,00;11,00;5,00;6,00;21,00;9,00;6,00
2020-08-02;64,00;528,00;240,00;96,00;76,80;17,07;76,80;64,00;102,40;187,73;46,93;110,93;72,35;119,65;55,65;22,26;65,78;39,11;35,56;40,89;25,30;56,56;32,74;31,26;28,00;20,00;18,67;56,00;11,00;14,00;5,00;9,00;14,00;7,00;7,00
2020-08-09;51,00;646,00;255,00;136,00;85,00;12,75;59,50;72,25;89,25;178,50;51,00;85,00;62,33;73,67;45,33;34,00;40,45;38,69;26,38;35,17;34,50;66,00;13,50;28,50;21,47;18,79;17,45;29,53;6,00;15,00;7,00;5,00;17,00;5,00;5,00
2020-08-16;44,00;322,67;161,33;102,67;83,60;13,20;48,40;57,20;96,80;162,80;74,80;79,20;64,53;93,87;41,07;20,53;28,16;33,44;14,08;31,68;19,72;47,03;22,76;21,24;20,00;25,33;8,00;29,33;10,00;13,00;2,00;1,00;10,00;9,00;3,00
2020-08-23;66,00;297,00;412,50;66,00;82,50;16,50;37,13;78,38;82,50;177,38;66,00;86,63;48,78;106,17;60,26;17,22;33,89;37,46;14,27;46,38;16,50;66,00;21,00;30,00;21,55;17,51;22,90;25,59;8,00;8,00;2,00;2,00;14,00;6,00;5,00
2020-08-30;53,00;265,00;318,00;53,00;65,23;8,15;48,92;53,00;85,62;130,46;77,46;57,08;27,89;78,11;53,00;16,74;60,07;53,00;14,13;38,87;6,06;56,03;19,69;28,77;10,60;19,88;11,93;39,75;8,00;7,00;4,00;1,00;6,00;2,00;0,00
2020-09-06;20,00;340,00;260,00;80,00;92,00;12,00;44,00;56,00;92,00;132,00;68,00;76,00;31,43;102,86;45,71;11,43;65,00;45,00;10,00;30,00;11,43;48,57;18,57;32,86;10,67;16,00;10,67;45,33;7,00;5,00;3,00;1,00;7,00;2,00;0,00
2020-09-13;19,00;266,00;228,00;57,00;104,50;4,75;57,00;57,00;80,75;166,25;85,50;95,00;27,14;103,14;67,86;16,29;58,73;39,73;6,91;34,55;16,08;39,46;16,08;35,08;8,14;14,93;5,43;47,50;5,00;7,00;1,00;1,00;5,00;0,00;1,00
2020-09-20;11,00;198,00;143,00;44,00;88,00;3,67;47,67;51,33;47,67;110,00;62,33;77,00;33,00;96,25;49,50;19,25;55,00;34,83;5,50;31,17;8,25;33,00;23,38;16,50;6,11;11,00;8,56;28,11;8,00;6,00;5,00;1,00;5,00;1,00;0,00
2020-09-27;13,00;208,00;117,00;52,00;73,67;4,33;69,33;47,67;34,67;104,00;60,67;99,67;35,75;81,25;32,50;6,50;46,43;33,43;7,43;22,29;4,88;29,25;22,75;13,00;13,00;11,56;10,11;37,56;2,00;3,00;2,00;1,00;3,00;0,00;1,00
2020-10-04;21,00;273,00;210,00;63,00;84,00;4,20;58,80;33,60;42,00;105,00;58,80;121,80;15,00;78,00;24,00;15,00;50,75;40,25;5,25;24,50;6,00;24,00;31,50;13,50;6,56;9,19;3,94;18,38;0,00;5,00;0,00;1,00;8,00;2,00;0,00
2020-10-11;9,00;117,00;81,00;36,00;63,00;4,50;40,50;40,50;36,00;63,00;36,00;99,00;27,00;30,00;27,00;9,00;55,80;19,80;1,80;14,40;1,50;25,50;24,00;15,00;7,71;7,71;19,29;24,43;4,00;1,00;1,00;0,00;2,00;0,00;1,00
2020-10-18;9,00;117,00;90,00;36,00;58,50;4,50;67,50;54,00;27,00;63,00;36,00;103,50;12,00;42,00;12,00;6,00;57,60;41,40;1,80;14,40;7,50;19,50;25,50;13,50;7,71;6,43;2,57;14,14;6,00;2,00;2,00;0,00;5,00;0,00;0,00
2020-10-25;22,00;242,00;550,00;88,00;44,00;4,40;57,20;39,60;22,00;83,60;35,20;96,80;16,50;27,50;24,75;5,50;45,83;29,33;1,83;25,67;8,80;22,00;22,00;10,27;5,50;6,88;9,63;16,50;0,00;1,00;0,00;0,00;6,00;1,00;0,00
2020-11-01;7,00;126,00;126,00;28,00;24,50;1,75;38,50;28,00;21,00;45,50;21,00;84,00;38,50;31,50;70,00;7,00;22,75;17,50;7,00;15,75;7,00;18,20;16,80;12,60;2,80;11,20;5,60;8,40;3,00;7,00;2,00;1,00;17,00;1,00;0,00
2020-11-08;7,00;126,00;140,00;42,00;24,50;3,50;63,00;21,00;21,00;49,00;14,00;119,00;21,00;18,67;9,33;2,33;29,75;26,25;1,75;19,25;4,20;16,80;12,60;2,80;0,00;4,20;4,20;9,80;1,00;2,00;0,00;0,00;6,00;0,00;0,00
2020-11-15;5,00;90,00;110,00;30,00;55,00;0,00;50,00;30,00;35,00;65,00;30,00;150,00;15,00;25,00;22,50;5,00;18,33;16,67;3,33;15,00;5,00;16,67;13,33;10,00;1,25;3,75;3,75;5,00;2,00;0,00;2,00;0,00;1,00;0,00;0,00
2020-11-22;7,00;140,00;140,00;56,00;38,50;3,50;35,00;28,00;35,00;45,50;21,00;73,50;21,00;38,50;31,50;7,00;28,00;17,50;0,00;19,25;5,60;19,60;15,40;12,60;5,60;7,00;4,20;11,20;6,00;4,00;0,00;1,00;5,00;1,00;0,00
2020-11-29;7,00;154,00;182,00;42,00;31,50;3,50;31,50;35,00;24,50;42,00;28,00;73,50;14,00;23,33;14,00;7,00;22,75;35,00;3,50;17,50;2,80;16,80;11,20;4,20;2,33;3,50;1,17;9,33;6,00;2,00;2,00;1,00;6,00;0,00;0,00
2020-12-06;4,00;72,00;88,00;32,00;32,00;4,00;36,00;32,00;32,00;52,00;28,00;72,00;36,00;72,00;28,00;12,00;16,00;38,00;6,00;20,00;2,00;14,00;22,00;10,00;5,33;9,33;5,33;8,00;1,00;2,00;2,00;1,00;6,00;2,00;1,00
2020-12-13;7,00;126,00;140,00;42,00;28,00;1,75;38,50;24,50;24,50;42,00;10,50;66,50;14,00;25,67;14,00;2,33;17,50;28,00;5,25;15,75;5,60;21,00;9,80;5,60;7,00;8,40;9,80;14,00;1,00;0,00;0,00;0,00;4,00;2,00;0,00
2020-12-20;3,00;60,00;102,00;18,00;24,00;1,50;18,00;33,00;24,00;42,00;6,00;39,00;21,00;27,00;15,00;6,00;33,00;54,00;6,00;21,00;7,50;16,50;10,50;7,50;9,00;1,50;4,50;9,00;1,00;0,00;1,00;4,00;1,00;0,00;0,00
2020-12-27;5,00;100,00;110,00;40,00;40,00;5,00;40,00;50,00;50,00;65,00;30,00;80,00;30,00;32,50;25,00;2,50;16,67;36,67;6,67;11,67;5,00;13,33;25,00;15,00;3,75;3,75;5,00;12,50;3,00;1,00;1,00;1,00;6,00;1,00;3,00
2021-01-03;12,00;132,00;144,00;60,00;52,00;4,00;128,00;36,00;36,00;48,00;36,00;68,00;24,00;36,00;27,00;6,00;18,86;34,29;5,14;17,14;4,50;19,50;13,50;9,00;6,67;9,33;4,00;12,00;6,00;2,00;0,00;0,00;7,00;0,00;1,00
2021-01-10;20,00;240,00;400,00;60,00;52,00;2,00;140,00;36,00;40,00;60,00;24,00;60,00;14,29;45,71;20,00;8,57;16,36;27,27;0,00;16,36;3,08;20,00;10,77;7,69;4,00;9,33;6,67;10,67;2,00;5,00;1,00;0,00;13,00;0,00;0,00
2021-01-17;13,00;143,00;156,00;39,00;43,33;4,33;117,00;43,33;34,67;43,33;21,67;52,00;16,25;19,50;13,00;3,25;20,43;24,14;1,86;16,71;9,75;14,63;21,13;11,38;5,20;3,90;10,40;6,50;2,00;1,00;1,00;3,00;6,00;0,00;1,00
2021-01-24;6,00;108,00;108,00;48,00;42,00;6,00;66,00;48,00;36,00;60,00;36,00;84,00;15,00;30,00;24,00;3,00;22,00;24,00;6,00;22,00;4,50;12,00;6,00;6,00;9,00;6,00;9,00;7,50;2,00;5,00;0,00;0,00;1,00;1,00;0,00
2021-01-31;9,00;90,00;63,00;27,00;58,50;4,50;49,50;31,50;40,50;54,00;22,50;85,50;36,00;30,00;21,00;6,00;14,40;25,20;3,60;16,20;10,50;22,50;15,00;7,50;5,14;5,14;10,29;14,14;2,00;1,00;1,00;1,00;6,00;1,00;1,00
2021-02-07;14,00;154,00;98,00;56,00;32,67;2,33;56,00;28,00;37,33;46,67;18,67;93,33;19,60;30,80;19,60;2,80;17,50;33,25;1,75;19,25;7,78;17,11;12,44;7,78;5,60;5,60;8,40;7,00;1,00;0,00;1,00;0,00;5,00;1,00;0,00
2021-02-14;14,00;140,00;98,00;70,00;42,00;9,33;51,33;32,67;23,33;70,00;37,33;93,33;16,80;25,20;22,40;8,40;19,25;14,00;1,75;8,75;8,40;19,60;9,80;12,60;1,27;6,36;5,09;15,27;5,00;0,00;0,00;2,00;8,00;1,00;0,00
2021-02-21;12,00;132,00;96,00;48,00;40,00;8,00;44,00;24,00;28,00;48,00;28,00;96,00;36,00;33,00;27,00;3,00;17,14;27,43;8,57;17,14;7,50;10,50;10,50;9,00;1,33;8,00;12,00;6,67;6,00;0,00;0,00;1,00;7,00;0,00;0,00
2021-02-28;18,00;180,00;126,00;90,00;58,50;4,50;45,00;36,00;36,00;58,50;27,00;99,00;30,00;66,00;21,00;3,00;16,20;32,40;7,20;18,00;7,50;25,50;16,50;13,50;4,15;5,54;6,92;8,31;1,00;1,00;2,00;2,00;2,00;0,00;1,00
2021-03-07;15,00;150,00;120,00;60,00;52,50;1,88;60,00;26,25;30,00;48,75;18,75;82,50;27,00;54,00;30,00;3,00;23,33;36,67;5,00;13,33;13,50;12,00;13,50;13,50;12,27;6,82;12,27;8,18;3,00;2,00;0,00;1,00;12,00;2,00;0,00
2021-03-14;17,00;204,00;136,00;85,00;59,50;2,13;59,50;34,00;29,75;51,00;29,75;106,25;22,67;31,17;14,17;5,67;28,90;25,50;5,10;20,40;7,08;17,00;2,83;12,75;7,85;7,85;9,15;6,54;2,00;0,00;3,00;0,00;6,00;0,00;1,00
2021-03-21;9,00;72,00;63,00;36,00;40,50;2,25;58,50;40,50;22,50;49,50;27,00;108,00;24,00;33,00;9,00;3,00;23,40;25,20;1,80;16,20;15,00;7,50;12,00;9,00;5,14;5,14;3,86;14,14;6,00;5,00;2,00;0,00;1,00;0,00;0,00
2021-03-28;13,00;130,00;104,00;52,00;43,33;2,17;60,67;43,33;26,00;39,00;26,00;104,00;15,60;26,00;13,00;2,60;30,88;24,38;4,88;17,88;2,89;17,33;10,11;8,67;5,20;5,20;3,90;14,30;4,00;1,00;2,00;1,00;10,00;0,00;0,00
2021-04-04;7,00;154,00;126,00;70,00;35,00;3,50;80,50;56,00;45,50;49,00;14,00;70,00;28,00;42,00;24,50;14,00;31,50;21,00;3,50;8,75;4,20;19,60;9,80;15,40;5,60;5,60;14,00;8,40;6,00;5,00;2,00;2,00;7,00;0,00;1,00
2021-04-11;10,00;110,00;120,00;50,00;50,00;5,00;85,00;75,00;25,00;65,00;25,00;95,00;40,00;36,67;20,00;10,00;34,00;22,00;8,00;18,00;8,33;28,33;20,00;13,33;7,14;5,71;10,00;5,71;4,00;6,00;1,00;2,00;5,00;1,00;4,00
2021-04-18;7,00;140,00;112,00;70,00;31,50;0,00;70,00;38,50;28,00;31,50;28,00;52,50;21,00;18,67;14,00;4,67;14,00;19,25;7,00;17,50;4,20;15,40;15,40;8,40;7,00;7,00;9,80;7,00;5,00;2,00;5,00;0,00;5,00;5,00;1,00
2021-04-25;6,00;108,00;96,00;84,00;72,00;6,00;102,00;66,00;42,00;78,00;48,00;114,00;21,00;33,00;27,00;3,00;27,00;13,50;6,00;10,50;6,00;21,00;24,00;10,50;6,00;9,60;7,20;6,00;2,00;5,00;1,00;1,00;9,00;2,00;1,00
2021-05-02;14,00;182,00;126,00;112,00;65,33;4,67;140,00;74,67;46,67;93,33;51,33;65,33;25,20;44,80;39,20;5,60;35,00;26,25;7,00;12,25;14,00;16,80;16,80;12,60;7,64;6,36;6,36;7,64;2,00;6,00;1,00;2,00;6,00;6,00;2,00
2021-05-09;27,00;162,00;121,50;121,50;94,50;4,50;94,50;90,00;45,00;45,00;45,00;67,50;30,00;45,00;18,00;9,00;48,60;30,60;12,60;19,80;18,00;21,00;10,50;15,00;13,50;5,40;6,75;16,20;7,00;5,00;1,00;1,00;5,00;1,00;2,00
2021-05-16;23,00;345,00;253,00;253,00;69,00;4,60;78,20;101,20;55,20;69,00;59,80;96,60;34,50;63,25;40,25;17,25;51,31;42,46;10,62;17,69;13,80;15,33;19,93;12,27;12,18;17,59;10,82;13,53;5,00;15,00;7,00;2,00;27,00;7,00;0,00
2021-05-23;37,00;314,50;240,50;185,00;82,22;12,33;69,89;143,89;45,22;98,67;61,67;115,11;39,85;62,62;176,46;8,54;58,14;44,05;8,81;28,19;16,28;29,60;14,80;23,68;18,50;7,93;9,25;15,86;4,00;10,00;6,00;4,00;45,00;6,00;4,00
2021-05-30;41,00;232,33;136,67;136,67;98,40;4,10;73,80;147,60;36,90;94,30;57,40;118,90;49,20;65,60;60,13;8,20;44,57;30,30;17,83;24,96;21,96;32,21;16,11;8,79;19,84;9,26;11,90;15,87;5,00;15,00;5,00;1,00;15,00;5,00;7,00
2021-06-06;40,00;500,00;280,00;220,00;120,00;8,89;88,89;164,44;48,89;124,44;75,56;137,78;45,71;82,86;68,57;5,71;63,64;41,82;23,64;21,82;25,19;34,07;19,26;31,11;18,67;14,67;8,00;18,67;6,00;14,00;1,00;4,00;15,00;5,00;2,00
2021-06-13;51,00;408,00;204,00;187,00;157,25;8,50;72,25;195,50;63,75;131,75;89,25;140,25;195,50;85,00;65,17;8,50;63,31;51,00;15,83;35,17;33,00;66,00;24,00;19,50;17,00;15,69;10,46;22,23;13,00;13,00;6,00;6,00;23,00;6,00;5,00
2021-06-20;53,00;600,67;247,33;247,33;150,85;8,15;101,92;232,38;93,77;163,08;101,92;142,69;270,58;111,58;78,11;22,32;56,53;38,87;19,43;38,87;26,50;86,86;26,50;32,39;27,83;25,18;13,25;31,80;8,00;9,00;5,00;9,00;8,00;4,00;2,00
2021-06-27;62,00;573,50;232,50;232,50;144,67;16,53;103,33;157,07;99,20;157,07;90,93;157,07;202,91;93,00;90,18;14,09;92,11;67,31;31,89;31,89;26,57;84,14;29,52;36,90;19,79;18,47;22,43;43,53;12,00;23,00;4,00;12,00;13,00;10,00;6,00
2021-07-04;71,00;674,50;213,00;213,00;179,59;16,71;83,53;91,88;91,88;213,00;108,59;175,41;68,16;127,80;62,48;14,20;86,98;76,33;21,30;40,83;42,90;66,56;36,98;38,46;32,87;21,04;15,78;34,19;14,00;18,00;5,00;10,00;25,00;4,00;4,00
2021-07-11;59,00;516,25;191,75;147,50;172,79;12,64;63,21;71,64;96,93;210,71;122,21;172,79;64,62;151,71;59,00;14,05;64,36;75,09;32,18;44,70;28,03;59,00;30,98;35,40;33,52;16,09;12,07;45,59;9,00;10,00;5,00;9,00;14,00;10,00;0,00
2021-07-18;74,00;592,00;222,00;207,20;201,44;12,33;94,56;90,44;131,56;217,89;152,11;168,56;125,23;179,31;93,92;14,23;63,43;114,52;33,48;42,29;20,72;91,76;32,56;41,44;23,79;25,11;18,50;58,14;8,00;17,00;7,00;10,00;22,00;13,00;7,00
2021-07-25;100,00;783,33;233,33;366,67;220,83;12,50;108,33;137,50;154,17;175,00;183,33;150,00;142,86;205,71;111,43;34,29;94,74;107,02;38,60;38,60;34,33;92,54;40,30;74,63;28,00;28,00;28,00;34,67;13,00;25,00;14,00;13,00;21,00;10,00;4,00
2021-08-01;72,00;828,00;234,00;396,00;258,35;12,71;76,24;177,88;160,94;203,29;160,94;203,29;138,46;238,15;124,62;30,46;98,34;59,71;31,61;52,68;24,00;84,00;45,00;51,00;30,67;21,33;37,33;40,00;5,00;22,00;12,00;7,00;27,00;11,00;4,00
2021-08-08;71,00;940,75;337,25;461,50;196,29;25,06;137,82;171,24;171,24;267,29;137,82;167,06;110,76;187,44;93,72;36,92;72,78;62,13;24,85;39,05;29,58;87,27;45,85;54,73;21,04;40,76;18,41;46,02;11,00;21,00;11,00;13,00;7,00;10,00;3,00
2021-08-15;75,00;630,00;300,00;390,00;179,17;25,00;133,33;200,00;162,50;183,33;129,17;191,67;102,78;152,78;94,44;22,22;69,77;61,05;19,19;50,58;28,50;88,50;58,50;40,50;18,42;15,79;25,00;40,79;15,00;20,00;8,00;7,00;20,00;15,00;7,00
2021-08-22;76,00;684,00;273,60;319,20;219,56;21,11;101,33;215,33;164,67;198,44;122,44;177,33;95,70;152,00;106,96;11,26;72,47;88,37;24,74;38,88;17,88;65,57;32,78;53,65;18,67;38,67;24,00;38,67;8,00;13,00;7,00;7,00;21,00;13,00;4,00
2021-08-29;49,00;620,67;294,00;294,00;191,92;16,33;122,50;138,83;138,83;228,67;110,25;183,75;86,47;144,12;100,88;14,41;73,50;73,50;21,00;31,50;29,70;54,94;35,64;31,18;11,92;22,51;17,22;21,19;8,00;8,00;8,00;4,00;16,00;7,00;5,00
2021-09-05;52,00;693,33;329,33;294,67;173,33;13,00;151,67;208,00;143,00;216,67;134,33;177,67;80,89;164,67;83,78;17,33;83,20;84,93;10,40;38,13;22,29;65,37;37,14;31,20;9,33;16,00;20,00;32,00;7,00;13,00;4,00;4,00;11,00;6,00;6,00
2021-09-12;40,00;940,00;400,00;380,00;231,11;17,78;124,44;253,33;168,89;231,11;151,11;177,78;100,00;148,57;108,57;14,29;90,91;92,73;38,18;45,45;20,74;54,81;40,00;56,30;17,33;30,67;21,33;29,33;10,00;10,00;3,00;10,00;19,00;11,00;1,00
2021-09-19;34,00;850,00;374,00;306,00;204,00;12,75;140,25;182,75;208,25;255,00;144,50;182,75;90,67;113,33;68,00;36,83;91,26;98,42;14,32;46,53;25,13;59,13;32,52;59,13;11,77;22,23;15,69;31,38;12,00;11,00;4,00;3,00;3,00;3,00;3,00
2021-09-26;47,00;830,33;360,33;266,33;205,09;8,55;153,82;209,36;196,55;264,91;106,82;209,36;88,47;96,76;105,06;13,82;64,41;104,44;12,19;34,81;17,63;49,94;51,41;47,00;14,77;16,11;16,11;42,97;8,00;4,00;1,00;9,00;16,00;3,00;1,00
2021-10-03;32,00;880,00;432,00;272,00;212,00;16,00;148,00;212,00;172,00;216,00;116,00;216,00;84,36;90,18;96,00;17,45;76,44;80,00;8,89;33,78;21,82;40,73;40,73;53,82;8,00;20,00;9,33;45,33;16,00;7,00;1,00;5,00;4,00;4,00;1,00
2021-10-10;34,00;1037,00;476,00;289,00;204,00;17,00;131,75;187,00;310,25;306,00;123,25;233,75;82,17;87,83;161,50;14,17;68,00;89,47;8,95;46,53;17,74;65,04;31,04;48,78;17,00;15,69;31,38;51,00;9,00;5,00;5,00;1,00;12,00;3,00;0,00
2021-10-17;29,00;1073,00;391,50;261,00;227,86;24,86;149,14;194,71;248,57;327,29;107,71;211,29;104,40;121,80;121,80;26,10;87,00;90,63;16,31;45,31;19,84;68,68;51,89;56,47;15,82;13,18;13,18;39,55;12,00;6,00;4,00;3,00;15,00;1,00;1,00
2021-10-24;34,00;901,00;459,00;272,00;187,00;12,75;131,75;148,75;170,00;216,75;85,00;165,75;68,00;79,33;90,67;14,17;57,26;82,32;16,11;28,63;10,35;38,43;44,35;42,87;15,69;15,69;10,46;30,08;7,00;10,00;5,00;5,00;5,00;3,00;3,00
2021-10-31;22,00;924,00;594,00;286,00;145,20;17,60;118,80;154,00;162,80;268,40;101,20;184,80;93,50;71,50;90,75;13,75;58,67;77,00;11,00;36,67;16,13;52,80;36,67;42,53;8,25;27,50;16,50;33,00;3,00;8,00;8,00;1,00;11,00;0,00;0,00
2021-11-07;16,00;688,00;400,00;208,00;120,00;8,00;124,00;136,00;140,00;164,00;96,00;164,00;66,67;69,33;58,67;13,33;64,00;110,22;12,44;40,89;18,91;42,18;27,64;24,73;13,33;21,33;9,33;28,00;10,00;5,00;4,00;0,00;10,00;0,00;0,00
2021-11-14;20,00;780,00;460,00;220,00;124,00;12,00;108,00;128,00;140,00;140,00;84,00;164,00;85,71;82,86;80,00;17,14;49,09;85,45;9,09;47,27;6,15;35,38;43,08;40,00;13,33;10,67;17,33;22,67;4,00;3,00;5,00;3,00;5,00;0,00;3,00
2021-11-21;17,00;629,00;408,00;170,00;76,50;8,50;76,50;102,00;284,75;131,75;68,00;174,25;87,83;39,67;28,33;11,33;37,78;77,44;13,22;20,78;4,64;37,09;35,55;34,00;6,54;23,54;10,46;17,00;5,00;0,00;5,00;1,00;4,00;1,00;0,00
2021-11-28;12,00;468,00;228,00;108,00;104,00;8,00;120,00;100,00;112,00;124,00;68,00;172,00;66,00;63,00;45,00;18,00;41,14;87,43;8,57;25,71;7,50;36,00;34,50;31,50;13,33;17,33;6,67;16,00;8,00;3,00;6,00;3,00;5,00;1,00;0,00
2021-12-05;12,00;528,00;216,00;144,00;120,00;8,00;84,00;116,00;96,00;108,00;80,00;156,00;81,00;51,00;45,00;18,00;42,86;106,29;6,86;42,86;4,50;52,50;42,00;34,50;2,67;17,33;12,00;26,67;5,00;7,00;0,00;7,00;11,00;4,00;0,00
2021-12-12;11,00;561,00;209,00;121,00;95,33;18,33;106,33;106,33;110,00;121,00;80,67;234,67;85,25;55,00;52,25;8,25;60,50;56,83;9,17;22,00;16,50;38,50;27,50;42,63;4,13;23,38;4,13;31,63;6,00;3,00;3,00;1,00;10,00;1,00;0,00
2021-12-19;18,00;918,00;342,00;270,00;85,50;4,50;112,50;112,50;175,50;148,50;76,50;261,00;99,00;48,00;48,00;30,00;32,40;84,60;16,20;30,60;15,00;52,50;36,00;36,00;6,43;24,43;10,29;43,71;3,00;0,00;3,00;2,00;9,00;6,00;2,00
2021-12-26;33,00;1336,50;330,00;363,00;132,00;16,50;132,00;165,00;173,25;206,25;86,63;288,75;85,25;74,25;79,75;19,25;50,37;69,47;34,74;31,26;6,00;48,00;52,50;31,50;5,28;55,44;9,24;26,40;6,00;11,00;0,00;6,00;13,00;6,00;3,00
2022-01-02;22,00;1584,00;462,00;462,00;233,20;17,60;149,60;198,00;255,20;176,00;96,80;268,40;115,50;71,50;55,00;5,50;54,15;98,15;13,54;22,00;8,80;45,47;32,27;51,33;16,82;49,18;22,00;44,00;15,00;7,00;1,00;1,00;9,00;1,00;0,00
2022-01-09;42,00;686,00;280,00;252,00;151,20;8,40;138,60;205,80;189,00;147,00;92,40;205,80;114,80;72,80;61,60;22,40;59,50;80,50;24,50;21,00;12,00;43,50;39,00;40,50;14,90;31,16;21,68;39,29;4,00;6,00;3,00;9,00;17,00;3,00;0,00
2022-01-16;30,00;705,00;390,00;285,00;180,00;4,29;184,29;192,86;175,71;141,43;115,71;205,71;106,36;57,27;57,27;10,91;65,29;100,59;28,24;38,82;18,00;72,00;40,50;61,50;9,13;26,09;13,04;30,00;13,00;6,00;4,00;3,00;10,00;1,00;1,00
2022-01-23;35,00;875,00;525,00;367,50;214,38;4,38;179,38;227,50;175,00;148,75;131,25;284,38;96,25;102,08;64,17;14,58;78,75;103,25;8,75;38,50;18,26;63,91;50,22;45,65;16,15;36,35;14,81;35,00;9,00;4,00;7,00;9,00;16,00;7,00;0,00
2022-01-30;28,00;658,00;350,00;308,00;196,00;12,00;140,00;272,00;132,00;180,00;116,00;184,00;109,20;84,00;67,20;5,60;82,25;115,50;14,00;24,50;11,79;60,42;50,11;61,89;20,00;30,67;18,67;37,33;7,00;7,00;1,00;4,00;7,00;3,00;0,00
2022-02-06;24,00;1176,00;648,00;528,00;196,00;20,00;156,00;204,00;160,00;168,00;92,00;200,00;117,00;90,00;84,00;12,00;64,62;136,62;12,92;42,46;16,50;51,00;52,50;63,00;16,00;25,33;16,00;37,33;10,00;4,00;4,00;9,00;15,00;1,00;1,00
2022-02-13;49,00;849,33;555,33;359,33;273,58;8,17;171,50;281,75;151,08;191,92;151,08;183,75;100,88;69,18;98,00;14,41;77,00;113,75;7,00;45,50;23,76;62,36;51,97;56,42;9,27;50,32;17,22;132,43;10,00;6,00;1,00;4,00;10,00;3,00;4,00
2022-02-20;45,00;810,00;480,00;390,00;253,64;16,36;184,09;351,82;155,45;163,64;151,36;216,82;120,94;90,00;64,69;16,88;117,69;115,96;24,23;41,54;33,00;87,00;60,00;63,00;13,24;50,29;13,24;50,29;8,00;6,00;6,00;3,00;6,00;1,00;3,00
2022-02-27;31,00;806,00;558,00;356,50;234,71;8,86;186,00;274,57;168,29;159,43;132,86;287,86;81,73;93,00;78,91;2,82;84,39;80,94;8,61;37,89;31,00;53,14;39,86;56,10;9,43;28,30;18,87;40,43;18,00;5,00;5,00;0,00;13,00;2,00;2,00
